stock_code,period,end_date,eps_estimate,revenue_estimate_m,num_analysts
D05,0y,2026-12-31,4.09636,24019,13
D05,+1y,2027-12-31,4.42624,25780,14
O39,0y,2026-12-31,1.79456,15749,14
O39,+1y,2027-12-31,1.91969,16678,15
U11,0y,2026-12-31,3.35789,14077,12
U11,+1y,2027-12-31,3.61772,14882,13
Z74,0y,2027-03-31,0.19176,14954,16
Z74,+1y,2028-03-31,0.21846,15485,16
C6L,0y,2027-03-31,0.24798,22098,10
C6L,+1y,2028-03-31,0.37605,22312,10
BS6,0y,2026-12-31,2.77456,36095,9
BS6,+1y,2027-12-31,3.05105,40985,9
BN4,0y,2026-12-31,0.46354,7188,10
BN4,+1y,2027-12-31,0.60199,7713,11
S68,0y,2027-06-30,0.77618,1667,12
S68,+1y,2028-06-30,0.83077,1764,12
S63,0y,2026-12-31,0.33193,13644,13
S63,+1y,2027-12-31,0.38381,15091,13
U96,0y,2026-12-31,0.53619,7592,6
U96,+1y,2027-12-31,0.61214,9956,7
9CI,0y,2026-12-31,0.12148,2255,12
9CI,+1y,2027-12-31,0.14023,2354,12
C38U,0y,2026-12-31,0.11883,1724,12
C38U,+1y,2027-12-31,0.12341,1806,11
G13,0y,2026-12-31,0.03488,2481,11
G13,+1y,2027-12-31,0.03958,2627,11
F34,0y,2026-12-31,0.24067,76969,9
F34,+1y,2027-12-31,0.26638,80939,9
A17U,0y,2026-12-31,0.15127,1651,13
A17U,+1y,2027-12-31,0.15835,1736,13
5E2,0y,2026-12-31,0.13945,10854,7
5E2,+1y,2027-12-31,0.14928,9955,9
S58,0y,2027-03-31,0.21683,6703,6
S58,+1y,2028-03-31,0.24923,7093,6
V03,0y,2026-12-31,0.85835,2722,10
V03,+1y,2027-12-31,0.91825,2883,10
C09,0y,2026-12-31,0.3902,3923,6
C09,+1y,2027-12-31,0.53339,4477,6
M44U,0y,2027-03-31,0.05888,720,9
M44U,+1y,2028-03-31,0.06145,738,12
C52,0y,2026-12-31,0.09245,5268,8
C52,+1y,2027-12-31,0.09945,5426,8
H78,0y,2026-12-31,0.26441,1530,10
H78,+1y,2027-12-31,0.30973,1484,10
J36,0y,2026-12-31,5.4015,32018,9
J36,+1y,2027-12-31,5.89578,33495,9
AIY,0y,2026-12-31,0.39927,623,6
AIY,+1y,2027-12-31,0.48881,686,7
AJBU,0y,2026-12-31,0.12096,481,10
AJBU,+1y,2027-12-31,0.12362,498,11
Y92,0y,2026-09-30,1.09018,337115,12
Y92,+1y,2027-09-30,1.15507,351695,12
C07,0y,2026-12-31,2.2416,19123,5
C07,+1y,2027-12-31,2.64988,19797,5
ME8U,0y,2027-03-31,0.11996,646,11
ME8U,+1y,2028-03-31,0.12046,657,12
AWX,0y,2026-12-31,0.207,585,4
AWX,+1y,2027-12-31,0.29125,753,4
N2IU,0y,2027-03-31,0.07761,843,13
N2IU,+1y,2028-03-31,0.07868,862,13
U14,0y,2026-12-31,0.54123,2863,9
U14,+1y,2027-12-31,0.60276,2809,9
558,0y,2026-12-31,0.0678,303,6
558,+1y,2027-12-31,0.08911,366,6
J69U,0y,2026-09-30,0.11855,431,14
J69U,+1y,2027-09-30,0.11819,424,13
T82U,0y,2026-12-31,0.06782,481,11
T82U,+1y,2027-12-31,0.07023,493,11
BUOU,0y,2026-09-30,0.05715,530,8
BUOU,+1y,2027-09-30,0.06163,559,8
K71U,0y,2026-12-31,0.04094,318,12
K71U,+1y,2027-12-31,0.04256,328,13
E28,0y,2026-12-31,0.1024,909,7
E28,+1y,2027-12-31,0.11826,980,7
OV8,0y,2026-12-31,0.11104,1714,9
OV8,+1y,2027-12-31,0.11735,1806,9
AP4,0y,2026-12-31,0.04572,355,4
AP4,+1y,2027-12-31,0.05296,393,4
544,0y,2026-12-31,0.0669,1150,5
544,+1y,2027-12-31,0.08082,1322,5
MZH,0y,2026-12-31,0.03687,284,3
MZH,+1y,2027-12-31,0.05303,317,3
HMN,0y,2026-12-31,0.04711,803,6
HMN,+1y,2027-12-31,0.04888,834,6
A7RU,0y,2026-12-31,0.01437,2376,3
A7RU,+1y,2027-12-31,0.01437,2432,3
C2PU,0y,2026-12-31,0.1821,167,6
C2PU,+1y,2027-12-31,0.18576,170,6
JYEU,0y,2027-06-30,0.03507,245,5
JYEU,+1y,2028-06-30,0.03543,253,5
5LY,0y,2026-09-30,0.00925,168,4
5LY,+1y,2027-09-30,0.0105,213,4
CJLU,0y,2027-03-31,0.02349,421,4
CJLU,+1y,2028-03-31,0.02374,427,4
BVA,0y,2026-08-31,,4074,15
BVA,+1y,2027-08-31,,4415,16
S59,0y,2027-03-31,0.15433,1546,3
S59,+1y,2028-03-31,0.18189,1670,4
U10,0y,2026-12-31,0.29689,809,3
U10,+1y,2027-12-31,0.32024,868,3
D01,0y,2026-12-31,0.21428,8374,11
D01,+1y,2027-12-31,0.24187,8688,11
EB5,0y,2026-12-31,0.25971,1749,6
EB5,+1y,2027-12-31,0.27208,1803,6
8AZ,+1y,2027-12-31,0.04385,388,4
BSL,0y,2026-12-31,0.0339,737,7
BSL,+1y,2027-12-31,0.03651,764,7
CC3,0y,2026-12-31,0.02598,2264,8
CC3,+1y,2027-12-31,0.04482,2315,10
H22,0y,2026-12-31,0.19833,5903,3
H22,+1y,2027-12-31,0.23433,6364,3
8C8U,0y,2025-12-31,0.07094,125,3
8C8U,+1y,2026-12-31,0.06145,149,4
DCRU,+1y,2027-12-31,0.04344,188,3
NTDU,0y,2027-03-31,0.00352,235,3
1MZ,0y,2026-12-31,0.49366,732,3
1MZ,+1y,2027-12-31,0.55618,877,3
F03,0y,2026-12-31,0.15137,817,8
F03,+1y,2027-12-31,0.16961,892,8
OU8,0y,2026-12-31,0.113,359,6
OU8,+1y,2027-12-31,0.128,385,6
OYY,0y,2026-12-31,0.09741,1129,7
OYY,+1y,2027-12-31,0.10105,1168,7
ULG,0y,2026-12-31,0.07767,179,3
ULG,+1y,2027-12-31,0.09233,211,3
41O,0y,2026-09-30,0.06033,130,3
41O,+1y,2027-09-30,0.069,144,3
NS8U,0y,2026-12-31,0.0869,12411,3
NS8U,+1y,2027-12-31,0.10205,12884,3
9A4U,0y,2026-12-31,0.19612,420,6
9A4U,+1y,2027-12-31,0.21087,429,6
P8Z,0y,2026-12-31,2066.2937,23317836,5
P8Z,+1y,2027-12-31,2122.5608,23891483,5
UIBU,+1y,2027-03-31,0.059,130,4
OXMU,0y,2026-12-31,0.024,144,3
OXMU,+1y,2027-12-31,0.02933,157,3
J85,0y,2026-12-31,0.04075,274,8
J85,+1y,2027-12-31,0.04248,290,8
P34,0y,2026-12-31,0.05325,517,4
P34,+1y,2027-12-31,0.06102,536,4
G92,0y,2026-12-31,0.13598,19787,4
G92,+1y,2027-12-31,0.14484,19878,4
HQU,0y,2026-12-31,0.03161,258,3
HQU,+1y,2027-12-31,0.11191,830,3
