stock_code,company_name,date,notice_type,title,url
D05,DBS GROUP HOLDINGS LTD,2026-05-21,director,Disclosure of director's interest,https://links.sgx.com/1.0.0/corporate-announcements/13VZXBO6JFV6IB3N/33fb385d0da259764acfc22eaacd46bac05a3f727586b2fb26b729079c3c4279
D05,DBS GROUP HOLDINGS LTD,2026-05-18,director,Disclosure of director's interest,https://links.sgx.com/1.0.0/corporate-announcements/EWKHCGT64MWJ9LG7/836e22d1c238b3a1fd45a0883ebe15b523cbbd0ddfdaa33c9a1abaaf94102c55
D05,DBS GROUP HOLDINGS LTD,2026-04-21,director,Disclosure of director's interest,https://links.sgx.com/1.0.0/corporate-announcements/BRIDEUIJT8I1NC4S/84668af51bad1d970842bfc2d019bdaa92a512e70d5232122917e295c33d7f82
D05,DBS GROUP HOLDINGS LTD,2026-04-06,director,Disclosure of director's interest,https://links.sgx.com/1.0.0/corporate-announcements/EPRIGOX6FW4XDXTN/4ce52fcf99e04d6893019a82aa3bbbb792776f995294c863be2301c70d46425f
D05,DBS GROUP HOLDINGS LTD,2026-04-06,director,Disclosure of director's interest,https://links.sgx.com/1.0.0/corporate-announcements/L8Q02GRA5SWU26SQ/84d7d41e9acf6e524c45b39ba1e435130e0b9e24f079c1def46058b522fda083
D05,DBS GROUP HOLDINGS LTD,2026-04-06,director,Disclosure of director's interest,https://links.sgx.com/1.0.0/corporate-announcements/2VZF3GISIWTMGP3P/aa061202617f3fafe0df34cc3a8241c2b7a9fb2fcb77107497b023f0f111affe
O39,OVERSEA-CHINESE BANKING CORPORATION LIMITED,2026-06-19,director,Disclosure of Interest/Changes in Interest of Chief Executive Officer,https://links.sgx.com/1.0.0/corporate-announcements/9ROZ9WX9I0JG8SRW/dc59a295af13318bb8da0fc572336c929d892e4f526e498e8e50fe4556187c84
U11,UNITED OVERSEAS BANK LIMITED,2019-05-10,director,Disclosure of Change in Director's Interest,https://links.sgx.com/1.0.0/corporate-announcements/EWKHCGT64MWJ9LG7/791936ca7a16cad3a9ff6dd44b30d9a704b02b2e1b4510fcb32c9a2b9138eb6a
Z74,SINGAPORE TELECOMMUNICATIONS LIMITED,2026-06-23,director,Director's Interest in Securities,https://links.sgx.com/1.0.0/corporate-announcements/K4OUJOR5ER5DTD4Z/0716bbbcec894cf30883596c3d0f30435eb0408fbe30fba6c3310d893a1f74ac
Z74,SINGAPORE TELECOMMUNICATIONS LIMITED,2026-06-11,director,Director's Interest in Securities,https://links.sgx.com/1.0.0/corporate-announcements/9SJ609F0J3AKVRQZ/dd702be92181ae1561eb44cea78dcef70bbaa7240bd5ef49e34f984f4cd2c514
Z74,SINGAPORE TELECOMMUNICATIONS LIMITED,2026-06-10,director,Director's Interest in Securities,https://links.sgx.com/1.0.0/corporate-announcements/XCBRZOJFNFWOJ8KT/50f941a7ccaa84bbacbcf842f63c743876ad4a6f3b953f055195a93dc2fd4e01
Z74,SINGAPORE TELECOMMUNICATIONS LIMITED,2026-06-02,director,Director's Interest in Securities,https://links.sgx.com/1.0.0/corporate-announcements/3MOZ7MHOEX5174OS/af4eeecc825bd5d0a50378553f5bbe0ec2a0733db9b8d40676b55ad939f1983e
Z74,SINGAPORE TELECOMMUNICATIONS LIMITED,2026-05-26,substantial_shareholder,Substantial Shareholders' Interest in Securities,https://links.sgx.com/1.0.0/corporate-announcements/JL3SWH5PJWF7WIFU/74b3a635cc413af9278d17c0c2b93a3ae0d373abc595010970b76fb06f12d74c
Z74,SINGAPORE TELECOMMUNICATIONS LIMITED,2026-05-08,substantial_shareholder,Substantial Shareholders' Interest in Securities,https://links.sgx.com/1.0.0/corporate-announcements/IDYKWH0GD14KIGIS/1d737ef365a8f4f45e1e199e9efde89279026837c1256639110859de580e72c1
Z74,SINGAPORE TELECOMMUNICATIONS LIMITED,2025-08-27,director,Director's Interest in Securities,https://links.sgx.com/1.0.0/corporate-announcements/9CF3BHF23HCJNOOF/12866c4d76bbd2b5da273f9b1a21ebc1d621fec1423cbfc58f3205035a3062f6
Z74,SINGAPORE TELECOMMUNICATIONS LIMITED,2025-08-27,director,Director's Interest in Securities,https://links.sgx.com/1.0.0/corporate-announcements/5Q6FG5BKGSRQOYPE/951ef48878281fa84949fd3f09c2e84f9cb6b0e91dca22af8614f2a7e19b85cb
Z74,SINGAPORE TELECOMMUNICATIONS LIMITED,2025-08-27,director,Director's Interest in Securities,https://links.sgx.com/1.0.0/corporate-announcements/M9QOCHUYB7I5A0D7/cb2822abdc84b56ba769f4f793b7c2fdb2608241be23b1460867b0653f2891b5
Z74,SINGAPORE TELECOMMUNICATIONS LIMITED,2025-08-27,director,Director's Interest in Securities,https://links.sgx.com/1.0.0/corporate-announcements/F282L12YXI1IMB45/d6a19d7095990588055bc03ca384cca05c5756fc52e8cb6cae05eb9d4dfbad1e
Z74,SINGAPORE TELECOMMUNICATIONS LIMITED,2025-08-27,director,Director's Interest in Securities,https://links.sgx.com/1.0.0/corporate-announcements/RX0753UWTE6BWMGK/600ce84b371447b53b6f076c39bcfc35c544aef841cf9f2fd05337cb8b6e53ad
Z74,SINGAPORE TELECOMMUNICATIONS LIMITED,2025-08-27,director,Director's Interest in Securities,https://links.sgx.com/1.0.0/corporate-announcements/DT6J1VYR7W52L9C3/ab8f6a147a93a357c734781fc5e54e945d86e9bbbbd7af89c8ab58de811a9f2c
Z74,SINGAPORE TELECOMMUNICATIONS LIMITED,2025-08-15,director,Director's Interest in Securities,https://links.sgx.com/1.0.0/corporate-announcements/2LG6PWUJRFDXIOHS/6f50a868309c00b9a01ff8619001665a69d03096b78d846ac2f82e992b79e16e
Z74,SINGAPORE TELECOMMUNICATIONS LIMITED,2025-08-15,director,Director's Interest in Securities,https://links.sgx.com/1.0.0/corporate-announcements/LLSB09NY11FWRLS9/f0a660c516ec7436cf80a037209d6c92af2bca98f58d9da70f04084071a14c1c
Z74,SINGAPORE TELECOMMUNICATIONS LIMITED,2025-08-15,director,Director's Interest in Securities,https://links.sgx.com/1.0.0/corporate-announcements/TNLYL0KEL0LYHZWO/097dfb57c57a7ee075e745cf9c57b927d1c33697aa4a49045248da8aad055143
Z74,SINGAPORE TELECOMMUNICATIONS LIMITED,2025-08-15,director,Director's Interest in Securities,https://links.sgx.com/1.0.0/corporate-announcements/3VOR9YZ5QNYF7ODL/68d366920c9dd308b736cbdb9a5fcd5102f20f3f7cddaba324c4074004b76789
Z74,SINGAPORE TELECOMMUNICATIONS LIMITED,2025-08-15,director,Director's Interest in Securities,https://links.sgx.com/1.0.0/corporate-announcements/AGHHX62VKIHI2K6A/6ab68eab571ef3c7dd136ea7a1dd103e4e151dac856ebf5b3f5dc589665507d4
Z74,SINGAPORE TELECOMMUNICATIONS LIMITED,2025-08-15,director,Director's Interest in Securities,https://links.sgx.com/1.0.0/corporate-announcements/ZA34JGVB3GBXNKAW/4c7dcbf15663725e6b8973ad8450af2d136ecb64984b5d4ddaff4e872c37de62
Z74,SINGAPORE TELECOMMUNICATIONS LIMITED,2025-08-14,director,Disclosure of Interest of Director,https://links.sgx.com/1.0.0/corporate-announcements/QXQ119RO0Q97B50E/2cd399117e10900d40af03be123223984ba6411522f0d5fe28b719856a31d100
Z74,SINGAPORE TELECOMMUNICATIONS LIMITED,2025-06-23,director,Director's Interest in Securities,https://links.sgx.com/1.0.0/corporate-announcements/AOOEVXBVPW2KRPE0/b824da8cfbffdfffe10b242b85e4273c31cf63fb59530a2fcf9975ade314b308
C6L,SINGAPORE AIRLINES LIMITED,2025-10-08,substantial_shareholder,Disclosure of Interest/Changes in Interest of Substantial Shareholder(s),https://links.sgx.com/1.0.0/corporate-announcements/FI2V1DZBQ5O2101M/c37a39864c1f4f847d7a7ce3cb1231babe596d80265cb53e4b5278f099df7852
C6L,SINGAPORE AIRLINES LIMITED,2025-09-01,director,Notification form for Director/CEO in respect of interests in securities,https://links.sgx.com/1.0.0/corporate-announcements/6RQ2IGABCXHM3TYL/0d99d39357a425e1859fdd51e8ef9d4ce145f9cfe32ade862d71ab6da24d1e0a
C6L,SINGAPORE AIRLINES LIMITED,2025-09-01,director,Notification form for Director/CEO in respect of interests in securities,https://links.sgx.com/1.0.0/corporate-announcements/CORCYS6BZ4MK231U/a6578a5face995c123916236213d8e53e7b5af34ed9d97de14db95a8e913922f
C6L,SINGAPORE AIRLINES LIMITED,2025-09-01,director,Notification form for Director/CEO in respect of interests in securities,https://links.sgx.com/1.0.0/corporate-announcements/CALPRUH1F8LAMYWC/59a49bba4d4ccff650011c8739e0ba0a91aef06100f205230bbe194b1ca6804b
C6L,SINGAPORE AIRLINES LIMITED,2025-09-01,director,Notification form for Director/CEO in respect of interests in securities,https://links.sgx.com/1.0.0/corporate-announcements/ZCIKTVSFYAQ9C9E5/ec8a6e22f32ba72f76262d9dd35a2a8a2d110e1d2bd54f386a73549af7f72066
C6L,SINGAPORE AIRLINES LIMITED,2025-09-01,director,Notification form for Director/CEO in respect of interests in securities,https://links.sgx.com/1.0.0/corporate-announcements/ZQ1VXUQWQQNG07IE/ad64bd4c5f36fcf93efbc3f6e6a21f9a8927d7fe8da880ff89d9d2b81c14d129
C6L,SINGAPORE AIRLINES LIMITED,2025-09-01,director,Notification form for Director/CEO in respect of interests in securities,https://links.sgx.com/1.0.0/corporate-announcements/QVJM76LI47PC3YFO/1b06fb494bb53b27917acbde37dd9a3dc64663283cc2552e0815b11847b9f80a
C6L,SINGAPORE AIRLINES LIMITED,2025-09-01,director,Notification form for Director/CEO in respect of interests in securities,https://links.sgx.com/1.0.0/corporate-announcements/ABS8NYLNHL0HKNUN/3a79bf2008965643d9c7f475233ffb7a9b6d42b377471a6138434a6371886006
C6L,SINGAPORE AIRLINES LIMITED,2025-09-01,director,Notification form for Director/CEO in respect of interests in securities,https://links.sgx.com/1.0.0/corporate-announcements/7MCHGHW3LZZMITG8/b7c973529fd989e93bba93fc070e1ec40918bdf4a33252f6a98dcbb94fdeefb1
C6L,SINGAPORE AIRLINES LIMITED,2025-09-01,director,Notification form for Director/CEO in respect of interests in securities,https://links.sgx.com/1.0.0/corporate-announcements/TCFAC39I94OYFJRI/65b56dd8095a773ea4a5a52bee0a386d598845ce533b0fc05c9d25cc8db9402d
C6L,SINGAPORE AIRLINES LIMITED,2025-08-22,substantial_shareholder,Disclosure of Interest/Changes in Interest of Substantial Shareholder(s),https://links.sgx.com/1.0.0/corporate-announcements/YUTU6NFL8DQ586LH/2c7017f14e3ba9a25887591a293095ea47b2484f2255eaabcbc17cad29d1f03f
C6L,SINGAPORE AIRLINES LIMITED,2025-07-31,director,Notification form for Director/CEO in respect of interests in securities,https://links.sgx.com/1.0.0/corporate-announcements/26S2OX6RE33FE1A4/688c1183482e8da3c1aa87dc7f272202d2820a7e0cef17da76f25d6ac60f5fc5
C6L,SINGAPORE AIRLINES LIMITED,2025-07-18,director,Notification form for Director/CEO in respect of interests in securities,https://links.sgx.com/1.0.0/corporate-announcements/PPYJL8GDNLCXRAI7/d81427b53ad12810c29df709c98322acb299e3ae7e948ff474027605e1dd0a55
C6L,SINGAPORE AIRLINES LIMITED,2025-06-25,substantial_shareholder,Disclosure of Interest/Changes in Interest of Substantial Shareholder(s),https://links.sgx.com/1.0.0/corporate-announcements/XAE6H10BRSTEZJUQ/a5cc4a8c9b2a26f53f6699720b9c2aad2287921384bfaef0aef45d69a8f64d68
C6L,SINGAPORE AIRLINES LIMITED,2024-08-26,director,Notification form for Director/CEO in respect of interests in securities,https://links.sgx.com/1.0.0/corporate-announcements/HPFXBYJSKS9YKT54/23348b20421d542c117f17483bdc335da9912024d262f9e53be13580d4b81eac
C6L,SINGAPORE AIRLINES LIMITED,2024-08-26,director,Notification form for Director/CEO in respect of interests in securities,https://links.sgx.com/1.0.0/corporate-announcements/U21WOPRGC98AG2HB/b87c592c2d55fbb49e0e60087b98190323d6af23be945744e3c3c752da22a22d
C6L,SINGAPORE AIRLINES LIMITED,2024-08-26,director,Notification form for Director/CEO in respect of interests in securities,https://links.sgx.com/1.0.0/corporate-announcements/L2JXQVFOTVVNMI0I/6a94f4b7019fb77477a19bede2a94c3c63e2462b843d7f90f9e523db400d472b
C6L,SINGAPORE AIRLINES LIMITED,2024-08-26,director,Notification form for Director/CEO in respect of interests in securities,https://links.sgx.com/1.0.0/corporate-announcements/F2F2MSA4OHP7J450/faf593b59f5a60093e099a186be0b8e163819b63a1b70cbabaf439ec12f05550
C6L,SINGAPORE AIRLINES LIMITED,2024-08-26,director,Notification form for Director/CEO in respect of interests in securities,https://links.sgx.com/1.0.0/corporate-announcements/M9VAW2RBXM3WPUGA/cb85da6556c36c6072ec707ab86aa4f35971564aafaf3f7b72426d52a7a352dc
C6L,SINGAPORE AIRLINES LIMITED,2024-08-26,director,Notification form for Director/CEO in respect of interests in securities,https://links.sgx.com/1.0.0/corporate-announcements/TDAIYD0PCDUZ13PK/4a56e3014af6016132bf534d706d348bcecb66465495cc4e1c65e81407db30b9
BS6,YANGZIJIANG SHIPBUILDING (HOLDINGS) LTD.,2025-11-04,substantial_shareholder,Notification of ceasing to be a substantial shareholder,https://links.sgx.com/1.0.0/corporate-announcements/BHRBJYDNEKPLWDL2/4735393540a57ae09c27caf880714e8511a8ea933617aeba7f005fcf98e0d606
BS6,YANGZIJIANG SHIPBUILDING (HOLDINGS) LTD.,2025-10-31,substantial_shareholder,Notification of becoming a substantial shareholder,https://links.sgx.com/1.0.0/corporate-announcements/MIXIE94XWKXDJPSI/ff65e16c8a7a3954856eae6264931b368069fa78ef7ad9886844be9ada2d5860
BS6,YANGZIJIANG SHIPBUILDING (HOLDINGS) LTD.,2025-08-11,substantial_shareholder,Notice of becoming a substantial shareholder,https://links.sgx.com/1.0.0/corporate-announcements/OP2QSLS6RP1N1HII/31c57f20cae3d9ea749ae7076df25c9512b03e25027fb59938ffe6d54e84c18b
BS6,YANGZIJIANG SHIPBUILDING (HOLDINGS) LTD.,2025-05-26,director,Notification form for Director/CEO of change in interest,https://links.sgx.com/1.0.0/corporate-announcements/I62PG4V1UMJ2LV0A/4e0e4d6b4296d94e8eb26df4c1b8a8f2373062320b0c1ed10a5eb1c379ba7f1b
BS6,YANGZIJIANG SHIPBUILDING (HOLDINGS) LTD.,2025-03-20,substantial_shareholder,Notification of ceasing to be a substantial shareholder,https://links.sgx.com/1.0.0/corporate-announcements/CORDCYUE4NTR2ZAI/48f9253d0651f6e05a22c10e18f0080584153495a11670add49be8c2b1c68d1c
BS6,YANGZIJIANG SHIPBUILDING (HOLDINGS) LTD.,2025-02-04,substantial_shareholder,Notification of ceasing to be a substantial shareholder,https://links.sgx.com/1.0.0/corporate-announcements/PAS4R5QQ0UHV0Y0E/66add6804e7e5fc3cab65b247753ff3a833d97ce58898c1bdf2fa2fbd6c4d13e
BS6,YANGZIJIANG SHIPBUILDING (HOLDINGS) LTD.,2025-01-25,substantial_shareholder,Notification of becoming a substantial shareholder,https://links.sgx.com/1.0.0/corporate-announcements/2H8AHU8SUKAT5CCG/e422a00473b9a0d2949eea657e37d0e4f2716eeaa675becf16b54ee219e01ad4
BS6,YANGZIJIANG SHIPBUILDING (HOLDINGS) LTD.,2025-01-25,substantial_shareholder,Notification of ceasing to be a substantial shareholder,https://links.sgx.com/1.0.0/corporate-announcements/990CMSEXDR4A1PH4/2a270bb5738b7cd3bb8582ed77871f6118fbad10d47578203081190df59bceb3
BS6,YANGZIJIANG SHIPBUILDING (HOLDINGS) LTD.,2025-01-16,substantial_shareholder,Notification of becoming a substantial shareholder,https://links.sgx.com/1.0.0/corporate-announcements/NBG2MDGZMU8EK78E/8adc65d9f3cdc31d6e69ddd06f12a5ee36f2f17eca3b8a4900f1980aab524823
BS6,YANGZIJIANG SHIPBUILDING (HOLDINGS) LTD.,2025-01-11,substantial_shareholder,Notification of ceasing to be a substantial shareholder,https://links.sgx.com/1.0.0/corporate-announcements/XVGDCQXT0PIHUUCX/32998beeb01ae62c3179446209042ab3f68babf9bff3cb04afd85a769ec8f5e6
BS6,YANGZIJIANG SHIPBUILDING (HOLDINGS) LTD.,2025-01-10,substantial_shareholder,Notification of becoming a substantial shareholder,https://links.sgx.com/1.0.0/corporate-announcements/YQ5E9R51E0630Y7S/3cc8f72e9d606dbecbc6f975f11f8981805119eff59dd684b578e9736aa809d1
BS6,YANGZIJIANG SHIPBUILDING (HOLDINGS) LTD.,2025-01-09,substantial_shareholder,Notification of ceasing to be a substantial shareholder,https://links.sgx.com/1.0.0/corporate-announcements/CW7YZFXB6M8GU1QB/b3190fe6073077cc54cd2a1eeb0f87d93375256d8b0dc7ebaaad56b7822d805f
BS6,YANGZIJIANG SHIPBUILDING (HOLDINGS) LTD.,2025-01-07,substantial_shareholder,Notification of becoming a substantial shareholder,https://links.sgx.com/1.0.0/corporate-announcements/0JHCQUBGYN22ISHI/a4ded6e930a36e8672aca0d0bb8e86ea424276719758f63d84e96a4bee5aae20
BS6,YANGZIJIANG SHIPBUILDING (HOLDINGS) LTD.,2025-01-07,substantial_shareholder,Notification of ceasing to be a substantial shareholder,https://links.sgx.com/1.0.0/corporate-announcements/H209E64FMYUY63GX/d0a366d165c3aac3bb89cce2584d4fb7baf05d3cc1492b74830d1eafe9b33e25
BS6,YANGZIJIANG SHIPBUILDING (HOLDINGS) LTD.,2024-12-23,substantial_shareholder,Notification of becoming a substantial shareholder,https://links.sgx.com/1.0.0/corporate-announcements/D21LYK6GSPIC334I/69e00ce499168e171e70b8097ab6adc71e1d726b77deb9e1aa5cd03cbeaaa074
BS6,YANGZIJIANG SHIPBUILDING (HOLDINGS) LTD.,2024-12-23,substantial_shareholder,Notification of ceasing to be a substantial shareholder,https://links.sgx.com/1.0.0/corporate-announcements/ALW8D7WFAV0TFOMU/3baed22725d9771ef1c43208aee8bf22465f84bc3e8770327fb6eb41ac27c8c8
BS6,YANGZIJIANG SHIPBUILDING (HOLDINGS) LTD.,2024-12-17,substantial_shareholder,Notification of becoming a substantial shareholder,https://links.sgx.com/1.0.0/corporate-announcements/OWJ2QQ44WCWR8PSO/f4d2dcca3e85bf6173ecd758eaaa0a16c06d9c2d987fdd66b271456779dfed29
BS6,YANGZIJIANG SHIPBUILDING (HOLDINGS) LTD.,2024-12-17,substantial_shareholder,Notification of ceasing to be a substantial shareholder,https://links.sgx.com/1.0.0/corporate-announcements/7TOCJ6ACQDHFGH5V/897582d772b7f3172af144fe1a1bfe4624986d63844a98f1cd172f28d2f49c38
BS6,YANGZIJIANG SHIPBUILDING (HOLDINGS) LTD.,2024-12-11,substantial_shareholder,Notification of becoming a substantial shareholder,https://links.sgx.com/1.0.0/corporate-announcements/8OJU8EE21UWCIPE1/1b2cfc9fc3a78793addbe11df821fd8f6617b65c7b07289c7991f37d5e7a072a
BS6,YANGZIJIANG SHIPBUILDING (HOLDINGS) LTD.,2024-12-04,substantial_shareholder,Announcement of changes in interest of a substantial shareholder,https://links.sgx.com/1.0.0/corporate-announcements/VCDGPG227YGQCKPN/f0421f4845189ba3122f13f48c069039b023ce33a88698e443a0e06a4e8889c2
BN4,KEPPEL LTD.,2026-05-26,substantial_shareholder,Disclosure of Changes in Interest of Substantial Shareholder,https://links.sgx.com/1.0.0/corporate-announcements/N7LN7YQBB29E3VN6/7988310469fad264bbd5ba8ab4af343f4b72ec18d92d1625993f92c1a852194b
BN4,KEPPEL LTD.,2026-05-04,director,Disclosure of Changes in Interest of Director/CEO,https://links.sgx.com/1.0.0/corporate-announcements/72ZLOVUU4ZJ5C3TJ/94caf10c1b61e6ee497259065a31acb8fdd82ecca910fb598ead2254173d02a1
BN4,KEPPEL LTD.,2026-04-24,director,Disclosure of Changes in Interest of Director/CEO,https://links.sgx.com/1.0.0/corporate-announcements/N2FM27G0BOWZOF83/0ed858df334a3bb88e6baed0d82daa654978640d9e1db7d4ca64bc72e5349932
BN4,KEPPEL LTD.,2026-04-24,director,Disclosure of Changes in Interest of Director/CEO,https://links.sgx.com/1.0.0/corporate-announcements/U1WIXIXAO55RB5ZP/254b294b199881407176691ce8fcceae8d667ee6ce0683b788ef196c6327944a
BN4,KEPPEL LTD.,2026-04-24,director,Disclosure of Changes in Interest of Director/CEO,https://links.sgx.com/1.0.0/corporate-announcements/KTWLRVBDXCS0VG9Q/af7d6ce34b4088cbea200e3613826845364f5d2897def1127df3bb709984213b
BN4,KEPPEL LTD.,2026-04-24,director,Disclosure of Changes in Interest of Director/CEO,https://links.sgx.com/1.0.0/corporate-announcements/YIN30MJZRLUEHNNA/15031fce23e0d5cdc6e8cfc4b693419e3d3bd5040f3e1bd23c414f26a05f1c0d
BN4,KEPPEL LTD.,2026-04-24,director,Disclosure of Changes in Interest of Director/CEO,https://links.sgx.com/1.0.0/corporate-announcements/G2FWBQIAS4RJTRQ4/a2903a9027a49a5b216c20c58e3c565d3b155515066236e722fe8673e750f035
BN4,KEPPEL LTD.,2026-04-24,director,Disclosure of Changes in Interest of Director/CEO,https://links.sgx.com/1.0.0/corporate-announcements/KJLCWVTY9GUKHER6/0ed35a690dbc8a8adaf23bfb1e8b03d88a5ac648fb0750dbe6308df6166c53c4
BN4,KEPPEL LTD.,2026-04-24,director,Disclosure of Changes in Interest of Director/CEO,https://links.sgx.com/1.0.0/corporate-announcements/FD2L7RVBVQNVRWPY/6e93814f63f3315860a18fc5219c84a37de64ab9e5669dfbb64097b92b84f329
BN4,KEPPEL LTD.,2026-04-21,substantial_shareholder,Disclosure of Changes in Interest of Substantial Shareholder,https://links.sgx.com/1.0.0/corporate-announcements/YA7JBUCRB69O88U8/446fda6093bffd63cdffc6f058436e987a4e20ac03730a8eac74d47233a64897
BN4,KEPPEL LTD.,2026-04-02,director,Disclosure of Changes in Interest of Director/CEO,https://links.sgx.com/1.0.0/corporate-announcements/C7B7PIQARDZAN9ZQ/5ca2a954aace0eb63eeae8b336d3cab54c7da436a1061ac7e2b02f483a35fb55
BN4,KEPPEL LTD.,2026-03-23,director,Disclosure of Changes in Interest of Director/CEO,https://links.sgx.com/1.0.0/corporate-announcements/ZFA4T2XUFT6016UF/605b04c4ed8e681de5253b0597a60c811aa47ebd45ac301bb7969370d74471d4
BN4,KEPPEL LTD.,2025-05-02,director,Disclosure of Changes in Interest of Director/CEO,https://links.sgx.com/1.0.0/corporate-announcements/KSJS1CWDCYCFKQ3L/4103b29661218c3af638fbd9daac63df0937a5c8dcf7e35266b651f6bfc66d02
BN4,KEPPEL LTD.,2025-04-28,director,Disclosure of Changes in Interest of Director/CEO,https://links.sgx.com/1.0.0/corporate-announcements/I9XYGA2UD8WKZMIK/6db4ba98c1cfd9f76b169842427f3b7ce4376ca6760a072263529a84fc3cee36
BN4,KEPPEL LTD.,2025-04-28,director,Disclosure of Changes in Interest of Director/CEO,https://links.sgx.com/1.0.0/corporate-announcements/QTS14ZPKO092OQDU/958581afcac4b1adcb89f9befc1c6485e0ed2645c20637f690d875898f64d1d6
BN4,KEPPEL LTD.,2025-04-28,director,Disclosure of Changes in Interest of Director/CEO,https://links.sgx.com/1.0.0/corporate-announcements/GIG9XJAP6QO8EXFM/ce23349f3152f4d6db39c4dfea6a2a43f027c41cfd606d5230e3932e53463b09
BN4,KEPPEL LTD.,2025-04-28,director,Disclosure of Changes in Interest of Director/CEO,https://links.sgx.com/1.0.0/corporate-announcements/3QFN4UWOKAAFDAWQ/9bd33f86d7fef8a88231f511930d499e3bf8397281019eeebda7f3df04ce58cb
BN4,KEPPEL LTD.,2025-04-28,director,Disclosure of Changes in Interest of Director/CEO,https://links.sgx.com/1.0.0/corporate-announcements/B0CLA79R2P8JU8A8/3afe58618cf9c0e69cac26f516cb41a9433631967162ae1bd2a0eae9b27d0056
BN4,KEPPEL LTD.,2025-04-28,director,Disclosure of Changes in Interest of Director/CEO,https://links.sgx.com/1.0.0/corporate-announcements/YMO4KF0HRS5DJD7C/dcf7aa71af8da0c1e58d0f3c9da1902300aa4bfb5ae4e1725971418983899023
BN4,KEPPEL LTD.,2025-04-28,director,Disclosure of Changes in Interest of Director/CEO,https://links.sgx.com/1.0.0/corporate-announcements/MEXB5EVQK9O2LEEZ/c49a5ac8eb5df7d89fef5976f4e4c4244876bbe39e5e0b77866b821a6cd76332
S68,SINGAPORE EXCHANGE LIMITED,2026-03-24,substantial_shareholder,Disclosure of Interest/Changes in Interest of Substantial Shareholder(s),https://links.sgx.com/1.0.0/corporate-announcements/DN7QP3VN8Q6MNIQ3/9874f5d85bdc9a2bb750a8ddac26e80bb0e4b953f309017075ad550d250f6f70
S68,SINGAPORE EXCHANGE LIMITED,2025-11-12,director,Disclosure of Changes in Interest of Director/CEO,https://links.sgx.com/1.0.0/corporate-announcements/7S6VNGFFD50ZT46Z/d96ea9c18d628506cbb4f751bd45e4a57f7941485c8979e2109bea5d4a097c65
S68,SINGAPORE EXCHANGE LIMITED,2025-11-12,director,Disclosure of Changes in Interest of Director/CEO,https://links.sgx.com/1.0.0/corporate-announcements/L27MZDCKIOR5Y01P/b2ed1e07eb398de67f3e1135e2a67de26430e194b6765fecdf8bf9886fb2c180
S68,SINGAPORE EXCHANGE LIMITED,2025-11-12,director,Disclosure of Changes in Interest of Director/CEO,https://links.sgx.com/1.0.0/corporate-announcements/OO3E3BIZKMTHIZV8/ce2cee95500933e28f39050685863f520d1dc2c8b41ad4b48a0f49ff2b91c682
S68,SINGAPORE EXCHANGE LIMITED,2025-11-12,director,Disclosure of Changes in Interest of Director/CEO,https://links.sgx.com/1.0.0/corporate-announcements/AHTASKLIKCBSVCYL/3e70c48a789c2c9680d0f970eaf90298caf7e8d713c17a707dfd1bd837d0f1fd
S68,SINGAPORE EXCHANGE LIMITED,2025-11-12,director,Disclosure of Changes in Interest of Director/CEO,https://links.sgx.com/1.0.0/corporate-announcements/5DVL8PLB5FJA4SYC/869d64290372db6cc790af5e82a9065ca42d5c801303e027766737500f445e91
S68,SINGAPORE EXCHANGE LIMITED,2025-11-12,director,Disclosure of Changes in Interest of Director/CEO,https://links.sgx.com/1.0.0/corporate-announcements/9ZH4IVUKQXXOKPNZ/1393a6aa683f824de2743922f58d5c5dcc6673f85a37aab55cbdace80535b2c0
S68,SINGAPORE EXCHANGE LIMITED,2025-11-12,director,Disclosure of Changes in Interest of Director/CEO,https://links.sgx.com/1.0.0/corporate-announcements/5HC1BG0GOW8FTFNY/4cbbc7f00f0db6d815555a066ff40ae49a826029a9470acbce120af05361b489
S68,SINGAPORE EXCHANGE LIMITED,2025-11-12,director,Disclosure of Changes in Interest of Director/CEO,https://links.sgx.com/1.0.0/corporate-announcements/G5H235HQJ72W4JLY/ad0214199271e4f98f9a7852df0f2c202f2d586bf5e11edf49062cef14b6171d
S68,SINGAPORE EXCHANGE LIMITED,2025-09-29,director,Change in Interest of Director/CEO,https://links.sgx.com/1.0.0/corporate-announcements/SD4LYRODOQ8H9LE3/2689bbd4d94a9894ca2e363ab07dd7888c2e56c30a998d46408b506174428be1
S68,SINGAPORE EXCHANGE LIMITED,2025-09-01,director,Change in Interest of Director/CEO,https://links.sgx.com/1.0.0/corporate-announcements/WKTUZAR6ZL29QV68/39aff77741cc706d859b19b3ef621fd9c4882b94a58ab6f8842db81225b78f0c
S68,SINGAPORE EXCHANGE LIMITED,2025-08-19,director,Change in Interest of Director/CEO,https://links.sgx.com/1.0.0/corporate-announcements/68VY919SXQ8DITX0/54083286a4a7fc2f7e1fab843b3a9c0da632c28f0dad9510b7ca77c019e0c62b
S68,SINGAPORE EXCHANGE LIMITED,2025-08-15,director,Change in Interest of Director/CEO,https://links.sgx.com/1.0.0/corporate-announcements/12IRPGI2UYCAQO26/92fd0c3b694d752f44eac25b27235b3c9e2182f8760114b61a6e35ac8ded8b17
S68,SINGAPORE EXCHANGE LIMITED,2025-06-03,substantial_shareholder,Disclosure of Interest/Changes in Interest of Substantial Shareholder(s),https://links.sgx.com/1.0.0/corporate-announcements/CGZVUUEY3G3MNH0T/db0951c36e9434f8af9da234824af36afe057a87c2fff3a97ca8cbd14ed743e7
S68,SINGAPORE EXCHANGE LIMITED,2025-02-11,substantial_shareholder,Disclosure of Interest/Changes in Interest of Substantial Shareholder(s),https://links.sgx.com/1.0.0/corporate-announcements/ALJFJMK3XAMYKFU7/6cfd96c18eadc9f24f7ff9c39736e04648ab80bcfcb33241b0f17ae1098b2830
S68,SINGAPORE EXCHANGE LIMITED,2024-11-13,director,Disclosure of Changes in Interest of Director/CEO,https://links.sgx.com/1.0.0/corporate-announcements/O4XW2X65LMK52NS1/fa0b49dd16d7ff5f6014dc54856a3232abcbb4b1b161a7371ee49758f7101e59
S68,SINGAPORE EXCHANGE LIMITED,2024-11-13,director,Disclosure of Changes in Interest of Director/CEO,https://links.sgx.com/1.0.0/corporate-announcements/0P8CY1LUHO3V4LUX/e08892457d4f5a227a8c6e40281e768406b6a804b45dcb99ff3f497d201449ae
S68,SINGAPORE EXCHANGE LIMITED,2024-11-13,director,Disclosure of Changes in Interest of Director/CEO,https://links.sgx.com/1.0.0/corporate-announcements/AWHVSA5JTF49OO5B/a2a8d5470064b9289ca0ed52e69e6d19e403894115f9d97780ee524fc143e90c
S68,SINGAPORE EXCHANGE LIMITED,2024-11-13,director,Disclosure of Changes in Interest of Director/CEO,https://links.sgx.com/1.0.0/corporate-announcements/SUUT75MBJMTGO4MC/5c94bd5180d1d0099c5599d9e03f2340203bf491b07612b98bc2a53499ea8504
S68,SINGAPORE EXCHANGE LIMITED,2024-11-13,director,Disclosure of Changes in Interest of Director/CEO,https://links.sgx.com/1.0.0/corporate-announcements/OO1ITYUB248XD0AE/57efc60cdff745445c8656a5db4f1268766e6c41e86c58028d98f50693e6de22
G13,GENTING SINGAPORE LIMITED,2026-04-15,director,Disclosure of Interest/Changes in Interest of Director/CEO,https://links.sgx.com/1.0.0/corporate-announcements/7Q7ING1DKG5CE6OS/c6fc9c89b0fb930f5a908235425215a64d4c0829f95e136a96230dd9936f274b
G13,GENTING SINGAPORE LIMITED,2026-04-15,director,Disclosure of Interest/Changes in Interest of Director/CEO,https://links.sgx.com/1.0.0/corporate-announcements/BN9NWTGW2Z19SG78/6fe5390eb291c4c3eb5280b91ce421263008e1c8dd718ea5cc825e7fe56f4a51
G13,GENTING SINGAPORE LIMITED,2026-04-15,director,Disclosure of Interest/Changes in Interest of Director/CEO,https://links.sgx.com/1.0.0/corporate-announcements/2OGVK41W9DSDZNN0/3f143c723048af69620bae8d1fddd5b3c3529d24ef57331ec2d4df2c626e6477
G13,GENTING SINGAPORE LIMITED,2026-04-15,director,Disclosure of Interest/Changes in Interest of Director/CEO,https://links.sgx.com/1.0.0/corporate-announcements/KIFG2S7AJWCOK87M/fb6d9c3cc783a5adebbe53aad9c81060d8bfc9483d1d3be83d5286570f86b4d1
G13,GENTING SINGAPORE LIMITED,2026-04-15,director,Disclosure of Interest/Changes in Interest of Director/CEO,https://links.sgx.com/1.0.0/corporate-announcements/VYRHLLAFHCC8KFJO/ece4d3beae4a15246f2cf3d0c7013b37c035ca0f5a689ef863b73bc9fe1ae4f7
G13,GENTING SINGAPORE LIMITED,2026-04-15,director,Disclosure of Interest/Changes in Interest of Director/CEO,https://links.sgx.com/1.0.0/corporate-announcements/Q06AY6GC9NZDL538/6750a72397fa4ac47d0c03ab368ac0f29314441b2633c4db57375c259c20c3a1
U96,SEMBCORP INDUSTRIES LTD,2026-06-02,director,Disclosure of Interest/Changes in Interest of Director/CEO,https://links.sgx.com/1.0.0/corporate-announcements/LFNM9G1CESXVKWRJ/1114b6b760b35a0e2abd3b8fe2c1ed904971053b0bec49726b770a35fcd137c9
U96,SEMBCORP INDUSTRIES LTD,2026-06-02,director,Disclosure of Interest/Changes in Interest of Director/CEO,https://links.sgx.com/1.0.0/corporate-announcements/MVTB5JO47VDJFQNE/4d6e40d7605230503cbf44eb11db90f8c8b1df2bcd157e927529429c589f51b3
U96,SEMBCORP INDUSTRIES LTD,2026-06-02,director,Disclosure of Interest/Changes in Interest of Director/CEO,https://links.sgx.com/1.0.0/corporate-announcements/2ASTO5LO6E4AUOPI/6718f6e89e374af77845ce7227ca1cfb75e90e5d1b6adaab02d9096a80952966
U96,SEMBCORP INDUSTRIES LTD,2026-06-02,director,Disclosure of Interest/Changes in Interest of Director/CEO,https://links.sgx.com/1.0.0/corporate-announcements/ZOS6V0A9EN25G5KY/76953d9a9103a08fac48a264e6750b2ae8b6e08a5672ea27fb3b3ca22698d30f
U96,SEMBCORP INDUSTRIES LTD,2026-06-02,director,Disclosure of Interest/Changes in Interest of Director/CEO,https://links.sgx.com/1.0.0/corporate-announcements/L6ZGENCAJ7STY9CI/b25e3aac48f998c87de5523050210c84bf3c4d138ccb4bbce46efb86af3a45a3
U96,SEMBCORP INDUSTRIES LTD,2026-06-02,director,Disclosure of Interest/Changes in Interest of Director/CEO,https://links.sgx.com/1.0.0/corporate-announcements/L4E90ED6C18OVDSI/bac6a25451c80d0b99d2c4b983ea46bf31e582be7389d7906ae6441297b82e82
U96,SEMBCORP INDUSTRIES LTD,2026-04-02,director,Disclosure of Interest/Changes in Interest of Director/CEO,https://links.sgx.com/1.0.0/corporate-announcements/4NBPQS29EV2RTDV3/6b9b40b02b0e80d4f1245afe022f2e7c6d40d5344169cf393745d2438675a4ee
U96,SEMBCORP INDUSTRIES LTD,2026-04-01,director,Disclosure of Interest/Changes in Interest of Director/CEO,https://links.sgx.com/1.0.0/corporate-announcements/WH6P792APY9VEX0R/bb9ea2e3506e56e89e4b1e35a07834638f414913b5aa6e0964cc77ad750bbeb6
9CI,CAPITALAND INVESTMENT LIMITED,2026-05-04,director,Disclosure of Interest/Changes in Interest of Director/CEO,https://links.sgx.com/1.0.0/corporate-announcements/OBK132G1993W2TE6/cb78885ebf55f69f3321740dd5d7421e142cc400c2eec7d5b432bb8bb03fb6de
C38U,CAPITALAND INTEGRATED COMM TR,2026-05-21,substantial,Disclosure of Interest/Changes in Interest of Substantial Shareholder(s)/Unitholder(s),https://links.sgx.com/1.0.0/corporate-announcements/N6XX2A86GP3BVQHI/6dbe93a3424fec2d623fe1f9871a2c896c5b539a056ffb70d7f7ecba95218357
C38U,CAPITALAND INTEGRATED COMM TR,2026-05-21,substantial,Disclosure of Interest/Changes in Interest of Substantial Shareholder(s)/Unitholder(s),https://links.sgx.com/1.0.0/corporate-announcements/E7941OF3RJ9PYNCO/f557a4087dddd976fb40ef2dbaeac4974d9cadc3cc09182de51e124e829a0417
C38U,CAPITALAND INTEGRATED COMM TR,2026-05-18,substantial,Disclosure of Interest/Changes in Interest of Substantial Shareholder(s)/Unitholder(s),https://links.sgx.com/1.0.0/corporate-announcements/10MYKD3T9GHWROVE/3bdd57423dee6049c707e29a5dece2d77404ba7a9f4327861b98e405719a8c9b
C38U,CAPITALAND INTEGRATED COMM TR,2026-05-18,other,Disclosure of Interest/Changes in Interest,https://links.sgx.com/1.0.0/corporate-announcements/LNK7J3YF031T1BEH/2fc81fbee2177b280ad86f0eb000a59dbc263a722b37ec05ee151b1f92e77ecc
C38U,CAPITALAND INTEGRATED COMM TR,2026-05-04,substantial,Disclosure of Interest/Changes in Interest of Substantial Shareholder(s)/Unitholder(s),https://links.sgx.com/1.0.0/corporate-announcements/2RHF7VNVTMH072TH/2f93a69cb6bc76a11236f26d515a26c95aedeab0628da932ed28cd7513f43285
C38U,CAPITALAND INTEGRATED COMM TR,2026-04-30,director,Disclosure of Interest/Changes in Interest of Director/CEO,https://links.sgx.com/1.0.0/corporate-announcements/3UIL0A9VIP88KYGP/0448f7abeed25fd5072f2838c97680660af643c139b8f110e9b69eb32f0c08c3
S63,SINGAPORE TECHNOLOGIES ENGINEERING LTD,2026-07-24,substantial,Disclosure of Interest/Changes in Interest of Substantial Shareholder(s)/Unitholder(s),https://links.sgx.com/1.0.0/corporate-announcements/QBFITDVFRFIQA2BH/2b3eabb248b8340bbdd0ec7e9c25e059f032f3bc11017883a23224ca23bfd8a4
S63,SINGAPORE TECHNOLOGIES ENGINEERING LTD,2026-07-09,substantial,Disclosure of Interest/Changes in Interest of Substantial Shareholder(s)/Unitholder(s),https://links.sgx.com/1.0.0/corporate-announcements/QIASA6CCJ5T9YGN0/1387715647fe9290434286a8d60dee2964070dabc98352c5dc9ad993bb21dd9c
S63,SINGAPORE TECHNOLOGIES ENGINEERING LTD,2026-07-07,substantial,Disclosure of Interest/Changes in Interest of Substantial Shareholder(s)/Unitholder(s),https://links.sgx.com/1.0.0/corporate-announcements/347YNRSV0E8D4DX5/eb8848b647b9aa1a4d462087feabe0d927e8776430cfd3eea41c97563833568f
S63,SINGAPORE TECHNOLOGIES ENGINEERING LTD,2026-05-18,director,Disclosure of Interest/Changes in Interest of Director/CEO,https://links.sgx.com/1.0.0/corporate-announcements/ZA4J0NFDL59H5SSO/41ccbea48907bb61517085b26d0d8d1871eb535db2ae43c136cb2375b6bb3556
S63,SINGAPORE TECHNOLOGIES ENGINEERING LTD,2026-05-18,director,Disclosure of Interest/Changes in Interest of Director/CEO,https://links.sgx.com/1.0.0/corporate-announcements/QEK2LRP4G3XRC3F9/532a36931d6eb264badfc9ce75e67b13569e029abe96a17589f383d5c512537f
S63,SINGAPORE TECHNOLOGIES ENGINEERING LTD,2026-05-18,director,Disclosure of Interest/Changes in Interest of Director/CEO,https://links.sgx.com/1.0.0/corporate-announcements/581YZMXP50OT75D4/6460add4a6cf524a3cffd0529bdb862226a6c7274b64cb08a01981ba4007c037
S63,SINGAPORE TECHNOLOGIES ENGINEERING LTD,2026-05-18,director,Disclosure of Interest/Changes in Interest of Director/CEO,https://links.sgx.com/1.0.0/corporate-announcements/ECPET1F94L1C9YES/07b076c0a40d55f6f7c4988dbfd5b44e05b148593938ef7e9179f1ec88db9782
S63,SINGAPORE TECHNOLOGIES ENGINEERING LTD,2026-05-18,director,Disclosure of Interest/Changes in Interest of Director/CEO,https://links.sgx.com/1.0.0/corporate-announcements/4LSQXHCE0FXTS4YH/7db3c2f33cf739e54992ec55fb3f8aaa09c8e9db9377b6eec34ba44dfdc42b5a
S63,SINGAPORE TECHNOLOGIES ENGINEERING LTD,2026-05-18,director,Disclosure of Interest/Changes in Interest of Director/CEO,https://links.sgx.com/1.0.0/corporate-announcements/M820WY43197Y6PD1/fc4303a245327386dce69c14e4c6cb682c2dc9e20191c45af036f7cec8319447
F34,WILMAR INTERNATIONAL LIMITED,2026-04-09,substantial_shareholder,Disclosure of Interest/ Changes in Interest of Substantial Shareholder(s)/ Unitholder(s)::Notification in respect of becoming a Substantial Shareholder - ADM II,https://links.sgx.com/1.0.0/corporate-announcements/7Z1RCM0EC55JBQG6/d5ecf430d592361addcf6d148f3775dcfbbf8e83ab3bb44dab75bb3780126648
