stock_code,snapshot_date,last_price,total_volume_000,short_sell_volume_000,short_sell_pct,short_sell_value_sgd_000,avg_short_sell_price,source_list
558,2026-07-08,2.470,9664.2,3063.8,31.7,7678.7,2.506,by_value
F34,2026-07-08,3.790,6701.0,1546.8,23.1,5831.9,3.770,by_value
AW9U,2026-07-08,0.225,1730.7,1308.5,75.6,294.7,0.225,by_volume
DCRU,2026-07-08,USD 0.510,3692.5,1621.0,43.9,1079.1,0.515,by_volume
E3B,2026-07-08,0.630,2506.4,923.4,36.8,585.6,0.634,by_volume
E5H,2026-07-08,0.270,7058.1,3318.6,47.0,896.0,0.270,by_volume
F17,2026-07-08,2.190,105.2,39.9,37.9,88.0,2.206,by_volume
H30,2026-07-08,0.915,245.6,119.8,48.8,110.2,0.920,by_volume
NS8U,2026-07-08,USD 0.181,3725.6,1718.1,46.1,399.2,0.180,by_volume
VC2,2026-07-08,1.190,4153.1,1580.9,38.1,1896.7,1.200,by_volume
ZQM,2026-07-08,0.660,119.5,80.2,67.1,53.9,0.672,by_volume
T82U,2026-07-14,1.500,9135.0,3439.8,37.7,5117.5,1.488,by_value
U14,2026-07-14,9.390,2211.7,890.0,40.2,8434.1,9.476,by_value
V03,2026-07-14,16.810,630.0,349.8,55.5,5871.1,16.784,"by_value,by_volume"
544,2026-07-14,1.170,8741.2,3518.4,40.3,4182.6,1.189,by_volume
5DD,2026-07-14,2.750,95.0,44.2,46.5,123.8,2.800,by_volume
8YZ,2026-07-14,0.555,6410.1,2600.8,40.6,1450.2,0.558,by_volume
A04,2026-07-14,0.295,954.0,408.9,42.9,122.7,0.300,by_volume
C52,2026-07-14,1.350,3279.0,1532.1,46.7,2064.0,1.347,by_volume
S56,2026-07-14,0.960,268.6,152.8,56.9,145.6,0.953,by_volume
8C8U,2026-07-21,1.120,2539.1,1581.7,62.3,1772.9,1.121,by_volume
P40U,2026-07-21,0.550,692.7,385.2,55.6,211.8,0.550,by_volume
AIY,2026-07-28,9.030,3194.7,807.6,25.3,7418.5,9.186,value
AWX,2026-07-28,8.790,4024.8,1229.6,30.6,10711.4,8.711,value
9A4U,2026-07-28,2.480,646.5,282.2,43.7,697.1,2.470,volume
A7RU,2026-07-28,0.535,10185.7,5128.2,50.3,2748.6,0.536,volume
BVA,2026-07-28,0.200,738.9,300.1,40.6,61.5,0.205,volume
EB5,2026-07-28,3.580,1649.7,672.5,40.8,2409.3,3.583,volume
F9D,2026-07-28,2.080,169.0,68.2,40.4,141.7,2.077,volume
JYEU,2026-07-28,0.580,1927.4,787.3,40.8,455.2,0.578,volume
P7VU,2026-07-28,0.250,577.1,400.0,69.3,100.0,0.250,volume
5E2,2026-08-04,2.230,34982.6,2990.2,8.5,6614.1,2.212,value
BS6,2026-08-04,3.990,16919.3,4679.8,27.7,18579.1,3.970,value
C38U,2026-08-04,2.490,29734.0,10654.2,35.8,26377.3,2.476,value
C6L,2026-08-04,7.700,4710.2,1330.1,28.2,10226.0,7.688,value
D05,2026-08-04,74.450,3322.9,295.9,8.9,21964.6,74.236,value
K71U,2026-08-04,0.910,40063.1,8418.1,21.0,7708.3,0.916,value
O39,2026-08-04,28.870,6583.5,1840.5,28.0,53351.7,28.988,value
S63,2026-08-04,10.160,4792.5,1485.4,31.0,15050.2,10.132,value
S68,2026-08-04,24.200,1938.5,392.8,20.3,9507.2,24.203,value
U11,2026-08-04,43.040,3987.9,692.4,17.4,29765.7,42.989,value
U96,2026-08-04,5.570,4631.9,1560.2,33.7,8647.9,5.543,value
Z74,2026-08-04,4.400,25683.6,6223.5,24.2,27364.5,4.397,value
9CI,2026-08-04,2.660,8808.0,5587.7,63.4,14812.1,2.651,value+volume
A17U,2026-08-04,2.550,21525.0,8518.5,39.6,21745.3,2.553,value+volume
AJBU,2026-08-04,2.200,15431.9,6507.7,42.2,14337.5,2.203,value+volume
BN4,2026-08-04,11.210,6033.7,3669.1,60.8,41209.4,11.231,value+volume
G13,2026-08-04,0.635,27341.3,15548.8,56.9,9870.3,0.635,value+volume
J36,2026-08-04,65.180,316.1,157.9,50.0,13193.3,65.084,value+volume
M44U,2026-08-04,1.230,25206.3,12655.5,50.2,15555.1,1.229,value+volume
N2IU,2026-08-04,1.320,15745.1,5892.2,37.4,7750.0,1.315,value+volume
BSL,2026-08-04,0.885,5469.8,2115.8,38.7,1858.7,0.878,volume
C07,2026-08-04,28.250,330.9,141.5,42.8,3990.8,28.203,volume
C09,2026-08-04,7.840,1467.6,732.1,49.9,5724.3,7.819,volume
CJLU,2026-08-04,1.010,8188.7,4298.1,52.5,4316.3,1.004,volume
CY6U,2026-08-04,1.050,4481.2,1692.8,37.8,1793.3,1.059,volume
ME8U,2026-08-04,1.930,7081.2,2700.3,38.1,5188.7,1.922,volume
OV8,2026-08-04,3.260,4654.4,1984.6,42.6,6512.5,3.282,volume
S08,2026-08-04,0.340,2443.4,1819.8,74.5,619.8,0.341,volume
S59,2026-08-04,3.150,1202.8,703.9,58.5,2202.3,3.129,volume
TS0U,2026-08-04,0.350,6799.3,3180.9,46.8,1119.6,0.352,volume
U06,2026-08-04,3.410,123.0,46.1,37.5,155.8,3.380,volume
Y92,2026-08-04,0.460,22054.2,10174.2,46.1,4696.3,0.462,volume
5E2,2026-08-18,2.150,14239.5,3372.8,23.7,7264.9,2.154,by_value
9CI,2026-08-18,2.670,12524.9,4683.6,37.4,12584.4,2.687,by_value
A17U,2026-08-18,2.430,12815.8,6706.9,52.3,16310.2,2.432,by_value
AJBU,2026-08-18,2.230,16079.0,5129.3,31.9,11451.3,2.233,by_value
AWX,2026-08-18,9.960,4710.1,690.1,14.7,7022.5,10.176,by_value
BN4,2026-08-18,11.320,3491.5,1535.2,44.0,17453.9,11.369,by_value
C38U,2026-08-18,2.390,35539.6,14433.8,40.6,34437.5,2.386,by_value
C6L,2026-08-18,7.010,5424.3,1420.3,26.2,9980.0,7.027,by_value
D05,2026-08-18,75.720,3225.6,974.7,30.2,73926.8,75.846,by_value
F34,2026-08-18,3.700,7619.0,2121.3,27.8,7787.3,3.671,by_value
G13,2026-08-18,0.670,64816.0,37584.1,58.0,24889.6,0.662,by_value
H78,2026-08-18,USD 8.330,1808.8,819.9,45.3,8801.5,8.387,by_value
J69U,2026-08-18,2.180,10556.2,5576.7,52.8,12171.7,2.183,by_value
M44U,2026-08-18,1.170,26756.2,13610.0,50.9,15852.5,1.165,by_value
N2IU,2026-08-18,1.260,17451.6,7940.0,45.5,10005.8,1.260,by_value
O39,2026-08-18,30.950,7077.4,2520.1,35.6,78045.3,30.969,by_value
S68,2026-08-18,25.010,2807.6,898.9,32.0,22458.9,24.985,by_value
U11,2026-08-18,40.880,2551.0,940.9,36.9,38391.2,40.803,by_value
U14,2026-08-18,9.190,1706.0,782.5,45.9,7191.6,9.191,by_value
Z74,2026-08-18,4.440,18079.8,3766.1,20.8,16688.1,4.431,by_value
9A4U,2026-08-18,2.330,869.8,524.8,60.3,1233.0,2.349,by_volume
A17U,2026-08-18,2.430,12815.8,6706.9,52.3,16310.2,2.432,by_volume
A7RU,2026-08-18,0.520,6337.2,3714.2,58.6,1933.0,0.520,by_volume
AW9U,2026-08-18,0.220,5770.5,3014.3,52.2,663.3,0.220,by_volume
C07,2026-08-18,27.420,123.3,73.8,59.9,2031.4,27.525,by_volume
CJLU,2026-08-18,0.980,4305.1,2747.8,63.8,2688.5,0.978,by_volume
F03,2026-08-18,2.360,1681.6,789.5,46.9,1875.7,2.376,by_volume
G13,2026-08-18,0.670,64816.0,37584.1,58.0,24889.6,0.662,by_volume
H78,2026-08-18,USD 8.330,1808.8,819.9,45.3,8801.5,8.387,by_volume
J69U,2026-08-18,2.180,10556.2,5576.7,52.8,12171.7,2.183,by_volume
JYEU,2026-08-18,0.560,6174.9,2874.0,46.5,1615.6,0.562,by_volume
K71U,2026-08-18,0.875,9636.7,4400.9,45.7,3853.2,0.876,by_volume
M44U,2026-08-18,1.170,26756.2,13610.0,50.9,15852.5,1.165,by_volume
ME8U,2026-08-18,1.910,4987.9,2803.3,56.2,5352.7,1.909,by_volume
N2IU,2026-08-18,1.260,17451.6,7940.0,45.5,10005.8,1.260,by_volume
S08,2026-08-18,0.350,2522.6,1267.4,50.2,448.2,0.354,by_volume
U14,2026-08-18,9.190,1706.0,782.5,45.9,7191.6,9.191,by_volume
UIBU,2026-08-18,0.790,9481.7,5978.9,63.1,4728.7,0.791,by_volume
Y92,2026-08-18,0.470,16933.4,10000.8,59.1,4648.2,0.465,by_volume
Z25,2026-08-18,0.580,4298.5,2323.2,54.0,1368.4,0.589,by_volume
5E2,2026-08-19,2.160,9181.2,3228.8,35.2,6934.2,2.148,by_value
9CI,2026-08-19,2.630,28221.7,6208.7,22.0,16358.3,2.635,by_value
A17U,2026-08-19,2.420,21291.8,9526.4,44.7,23060.1,2.421,by_value
AJBU,2026-08-19,2.230,26658.9,8884.3,33.3,19611.2,2.207,by_value
BN4,2026-08-19,11.230,4368.1,2493.7,57.1,28078.0,11.260,by_value
BS6,2026-08-19,4.760,12650.5,1467.0,11.6,6974.0,4.754,by_value
BUOU,2026-08-19,0.940,17536.5,8218.8,46.9,7746.4,0.943,by_value
C38U,2026-08-19,2.370,38147.0,15783.1,41.4,37390.6,2.369,by_value
C52,2026-08-19,1.330,14405.8,6716.2,46.6,9025.8,1.344,by_value
C6L,2026-08-19,6.970,6086.1,2404.3,39.5,16762.3,6.972,by_value
D05,2026-08-19,76.000,3244.4,737.8,22.7,55868.2,75.720,by_value
G13,2026-08-19,0.660,83863.3,46390.8,55.3,30629.5,0.660,by_value
N2IU,2026-08-19,1.260,9487.0,5001.8,52.7,6304.2,1.260,by_value
O39,2026-08-19,30.940,6133.6,1909.8,31.1,58614.1,30.692,by_value
S68,2026-08-19,25.160,1991.7,500.9,25.1,12593.3,25.141,by_value
U11,2026-08-19,40.560,3717.0,859.9,23.1,34878.9,40.562,by_value
U14,2026-08-19,9.440,2767.9,813.8,29.4,7629.3,9.375,by_value
U96,2026-08-19,6.040,6631.8,1452.1,21.9,8754.2,6.029,by_value
Y92,2026-08-19,0.460,26067.3,16140.2,61.9,7422.8,0.460,by_value
Z74,2026-08-19,4.430,19355.7,1508.0,7.8,6655.1,4.413,by_value
A17U,2026-08-19,2.420,21291.8,9526.4,44.7,23060.1,2.421,by_volume
A7RU,2026-08-19,0.515,2793.6,1711.9,61.3,886.7,0.518,by_volume
BN4,2026-08-19,11.230,4368.1,2493.7,57.1,28078.0,11.260,by_volume
BUOU,2026-08-19,0.940,17536.5,8218.8,46.9,7746.4,0.943,by_volume
C09,2026-08-19,8.110,1578.8,763.2,48.3,6192.3,8.114,by_volume
C52,2026-08-19,1.330,14405.8,6716.2,46.6,9025.8,1.344,by_volume
CJLU,2026-08-19,0.980,8469.2,5950.7,70.3,5800.6,0.975,by_volume
CY6U,2026-08-19,0.995,2396.9,1409.8,58.8,1407.8,0.999,by_volume
G13,2026-08-19,0.660,83863.3,46390.8,55.3,30629.5,0.660,by_volume
HMN,2026-08-19,0.855,7786.3,4887.9,62.8,4179.5,0.855,by_volume
JYEU,2026-08-19,0.560,12680.1,6563.2,51.8,3675.8,0.560,by_volume
K71U,2026-08-19,0.875,9526.6,4479.3,47.0,3898.6,0.870,by_volume
M44U,2026-08-19,1.160,5082.7,2559.4,50.4,2975.5,1.163,by_volume
ME8U,2026-08-19,1.910,5399.5,2482.4,46.0,4739.7,1.909,by_volume
N2IU,2026-08-19,1.260,9487.0,5001.8,52.7,6304.2,1.260,by_volume
S08,2026-08-19,0.345,4374.8,2256.3,51.6,781.8,0.346,by_volume
SEB,2026-08-19,2.380,117.8,58.0,49.2,138.0,2.379,by_volume
TQ5,2026-08-19,1.030,131.7,60.2,45.7,62.0,1.030,by_volume
UIBU,2026-08-19,0.785,5389.5,2601.7,48.3,2056.8,0.791,by_volume
Y92,2026-08-19,0.460,26067.3,16140.2,61.9,7422.8,0.460,by_volume
5E2,2026-08-20,2.120,11695.4,7223.1,61.8,15448.6,2.139,by_value
9CI,2026-08-20,2.670,21128.5,2918.5,13.8,7733.7,2.650,by_value
A17U,2026-08-20,2.430,18684.4,5997.3,32.1,14632.4,2.440,by_value
AJBU,2026-08-20,2.240,11898.7,2757.1,23.2,6191.0,2.245,by_value
BN4,2026-08-20,11.270,5003.7,2561.7,51.2,28944.4,11.299,by_value
C38U,2026-08-20,2.380,27261.9,10482.9,38.5,25100.7,2.394,by_value
C52,2026-08-20,1.330,15099.1,8433.5,55.9,11244.3,1.333,by_value
C6L,2026-08-20,6.920,4784.2,1282.6,26.8,8895.0,6.935,by_value
D05,2026-08-20,75.840,3348.4,583.5,17.4,44115.9,75.601,by_value
G13,2026-08-20,0.655,43298.7,21438.2,49.5,14059.6,0.656,by_value
J69U,2026-08-20,2.190,7392.0,3519.6,47.6,7700.0,2.188,by_value
M44U,2026-08-20,1.170,26301.8,6096.0,23.2,7131.5,1.170,by_value
O39,2026-08-20,30.780,6534.1,1346.8,20.6,41238.3,30.620,by_value
S58,2026-08-20,4.120,33937.0,15131.0,44.6,64626.3,4.271,by_value
S68,2026-08-20,24.910,1600.6,578.4,36.1,14418.9,24.930,by_value
T82U,2026-08-20,1.520,20141.0,9573.8,47.5,14570.8,1.522,by_value
U11,2026-08-20,40.220,3126.7,506.3,16.2,20411.8,40.315,by_value
U14,2026-08-20,9.520,2502.2,733.0,29.3,6981.9,9.525,by_value
U96,2026-08-20,6.050,6943.7,1370.4,19.7,8263.7,6.030,by_value
Z74,2026-08-20,4.450,16743.2,2440.6,14.6,10857.2,4.449,by_value
5E2,2026-08-20,2.120,11695.4,7223.1,61.8,15448.6,2.139,by_volume
8YZ,2026-08-20,0.575,6398.5,3111.2,48.6,1795.0,0.577,by_volume
BN4,2026-08-20,11.270,5003.7,2561.7,51.2,28944.4,11.299,by_volume
C07,2026-08-20,27.500,104.2,41.4,39.7,1137.4,27.473,by_volume
C52,2026-08-20,1.330,15099.1,8433.5,55.9,11244.3,1.333,by_volume
CJLU,2026-08-20,0.975,4797.4,2061.9,43.0,2016.9,0.978,by_volume
CY6U,2026-08-20,0.990,4339.9,1915.7,44.1,1907.9,0.996,by_volume
G13,2026-08-20,0.655,43298.7,21438.2,49.5,14059.6,0.656,by_volume
G92,2026-08-20,1.510,2733.7,1266.3,46.3,2004.7,1.583,by_volume
H22,2026-08-20,2.980,3926.5,1761.9,44.9,5382.0,3.055,by_volume
HMN,2026-08-20,0.855,11291.2,4999.0,44.3,4282.6,0.857,by_volume
J69U,2026-08-20,2.190,7392.0,3519.6,47.6,7700.0,2.188,by_volume
ME8U,2026-08-20,1.910,6080.0,2904.6,47.8,5538.4,1.907,by_volume
OV8,2026-08-20,3.200,2007.8,798.5,39.8,2565.0,3.212,by_volume
P40U,2026-08-20,0.530,1835.6,850.9,46.4,450.7,0.530,by_volume
S08,2026-08-20,0.335,3604.6,2370.8,65.8,804.4,0.339,by_volume
S58,2026-08-20,4.120,33937.0,15131.0,44.6,64626.3,4.271,by_volume
S59,2026-08-20,3.130,889.6,460.4,51.8,1450.9,3.151,by_volume
T82U,2026-08-20,1.520,20141.0,9573.8,47.5,14570.8,1.522,by_volume
Y92,2026-08-20,0.465,16922.9,10585.3,62.6,4865.1,0.460,by_volume
A17U,2026-08-21,2.460,23852.3,10955.6,45.9,26806.1,2.447,by_value
BN4,2026-08-21,11.320,2743.5,1399.2,51.0,15832.8,11.315,by_value
C38U,2026-08-21,2.400,27122.4,11353.8,41.9,27138.4,2.390,by_value
C52,2026-08-21,1.290,16793.2,6688.2,39.8,8695.1,1.300,by_value
C6L,2026-08-21,6.940,4182.8,1184.2,28.3,8201.6,6.926,by_value
D05,2026-08-21,76.000,3367.9,391.5,11.6,29732.8,75.946,by_value
F34,2026-08-21,3.710,11928.5,4401.5,36.9,16382.4,3.722,by_value
G13,2026-08-21,0.655,46618.9,21648.3,46.4,14076.8,0.650,by_value
H78,2026-08-21,USD 8.460,1865.3,1094.2,58.7,11716.3,8.430,by_value
M44U,2026-08-21,1.170,24932.6,5832.6,23.4,6865.5,1.177,by_value
ME8U,2026-08-21,1.920,14221.8,7307.7,51.4,14046.9,1.922,by_value
N2IU,2026-08-21,1.280,31361.2,20330.5,64.8,26098.7,1.284,by_value
O39,2026-08-21,30.980,5788.2,698.9,12.1,21584.5,30.884,by_value
S58,2026-08-21,4.070,20283.6,7043.4,34.7,28817.4,4.091,by_value
S63,2026-08-21,10.680,5005.3,1312.5,26.2,14016.9,10.680,by_value
S68,2026-08-21,24.890,1331.5,349.2,26.2,8701.2,24.917,by_value
T82U,2026-08-21,1.560,23531.5,8669.1,36.8,13265.4,1.530,by_value
U11,2026-08-21,40.530,3828.7,655.5,17.1,26479.6,40.395,by_value
U96,2026-08-21,6.040,5534.0,1327.1,24.0,7943.2,5.985,by_value
Z74,2026-08-21,4.400,18475.2,2349.7,12.7,10374.2,4.415,by_value
8YZ,2026-08-21,0.580,2367.6,981.4,41.5,564.8,0.576,by_volume
A17U,2026-08-21,2.460,23852.3,10955.6,45.9,26806.1,2.447,by_volume
A7RU,2026-08-21,0.520,5695.4,3276.8,57.5,1703.1,0.520,by_volume
BN4,2026-08-21,11.320,2743.5,1399.2,51.0,15832.8,11.315,by_volume
BSL,2026-08-21,0.870,714.7,352.8,49.4,306.9,0.870,by_volume
C38U,2026-08-21,2.400,27122.4,11353.8,41.9,27138.4,2.390,by_volume
C52,2026-08-21,1.290,16793.2,6688.2,39.8,8695.1,1.300,by_volume
CJLU,2026-08-21,0.980,1961.3,1297.5,66.2,1270.1,0.979,by_volume
E5H,2026-08-21,0.310,31168.6,14390.7,46.2,4366.4,0.303,by_volume
G13,2026-08-21,0.655,46618.9,21648.3,46.4,14076.8,0.650,by_volume
H78,2026-08-21,USD 8.460,1865.3,1094.2,58.7,11716.3,8.430,by_volume
ME8U,2026-08-21,1.920,14221.8,7307.7,51.4,14046.9,1.922,by_volume
N2IU,2026-08-21,1.280,31361.2,20330.5,64.8,26098.7,1.284,by_volume
OV8,2026-08-21,3.220,1507.8,854.2,56.7,2736.6,3.204,by_volume
S08,2026-08-21,0.335,780.5,388.1,49.7,130.7,0.337,by_volume
S59,2026-08-21,3.110,1172.2,596.7,50.9,1857.7,3.113,by_volume
TS0U,2026-08-21,0.360,4972.8,2521.3,50.7,899.6,0.357,by_volume
U14,2026-08-21,9.570,1344.0,537.3,40.0,5130.5,9.549,by_volume
Y92,2026-08-21,0.465,13794.3,7124.6,51.6,3281.5,0.461,by_volume
Z25,2026-08-21,0.550,1655.5,689.5,41.6,381.7,0.554,by_volume
5E2,2026-08-24,2.090,15008.9,7661.8,51.0,16176.6,2.111,by_value
A17U,2026-08-24,2.450,11007.6,4822.0,43.8,11906.9,2.469,by_value
AJBU,2026-08-24,2.260,9989.2,3297.2,33.0,7459.8,2.262,by_value
BN4,2026-08-24,11.350,2368.0,1205.8,50.9,13666.7,11.334,by_value
C38U,2026-08-24,2.410,14931.2,5925.0,39.7,14300.9,2.414,by_value
C52,2026-08-24,1.300,9991.4,5666.9,56.7,7319.3,1.292,by_value
C6L,2026-08-24,6.950,3775.9,1182.3,31.3,8215.0,6.948,by_value
D05,2026-08-24,75.560,2455.2,483.0,19.7,36643.0,75.865,by_value
F34,2026-08-24,3.760,5559.1,1919.8,34.5,7216.1,3.759,by_value
G13,2026-08-24,0.650,26681.5,16117.2,60.4,10484.6,0.651,by_value
K71U,2026-08-24,0.890,14247.4,7757.3,54.4,6926.9,0.893,by_value
M44U,2026-08-24,1.180,13898.8,5869.3,42.2,6947.3,1.184,by_value
O39,2026-08-24,30.920,3733.2,1204.3,32.3,37207.7,30.896,by_value
S58,2026-08-24,4.120,11570.9,5397.7,46.6,21799.3,4.039,by_value
S68,2026-08-24,25.160,2826.7,420.4,14.9,10550.4,25.095,by_value
T82U,2026-08-24,1.550,12978.5,7391.9,57.0,11448.4,1.549,by_value
U11,2026-08-24,40.730,2957.5,694.0,23.5,28314.1,40.799,by_value
U14,2026-08-24,9.510,1596.8,602.7,37.7,5745.8,9.533,by_value
U96,2026-08-24,5.990,6272.4,2153.5,34.3,12850.5,5.967,by_value
Z74,2026-08-24,4.420,17084.6,2571.9,15.1,11301.0,4.394,by_value
5E2,2026-08-24,2.090,15008.9,7661.8,51.0,16176.6,2.111,by_volume
A17U,2026-08-24,2.450,11007.6,4822.0,43.8,11906.9,2.469,by_volume
A7RU,2026-08-24,0.520,4066.3,1773.6,43.6,924.7,0.521,by_volume
AU8U,2026-08-24,0.650,2313.7,1388.6,60.0,877.8,0.632,by_volume
BN4,2026-08-24,11.350,2368.0,1205.8,50.9,13666.7,11.334,by_volume
BSL,2026-08-24,0.865,2195.2,1054.8,48.1,915.8,0.868,by_volume
BUOU,2026-08-24,0.950,10437.8,4570.5,43.8,4360.5,0.954,by_volume
C2PU,2026-08-24,4.160,874.3,461.2,52.8,1907.9,4.137,by_volume
C52,2026-08-24,1.300,9991.4,5666.9,56.7,7319.3,1.292,by_volume
E3B,2026-08-24,0.645,1126.7,497.0,44.1,318.4,0.641,by_volume
G13,2026-08-24,0.650,26681.5,16117.2,60.4,10484.6,0.651,by_volume
G92,2026-08-24,1.430,754.7,407.8,54.0,584.4,1.433,by_volume
K71U,2026-08-24,0.890,14247.4,7757.3,54.4,6926.9,0.893,by_volume
M44U,2026-08-24,1.180,13898.8,5869.3,42.2,6947.3,1.184,by_volume
N2IU,2026-08-24,1.290,9088.8,4434.9,48.8,5722.0,1.290,by_volume
S58,2026-08-24,4.120,11570.9,5397.7,46.6,21799.3,4.039,by_volume
S59,2026-08-24,3.120,644.0,345.8,53.7,1076.3,3.112,by_volume
SEB,2026-08-24,2.290,37.4,32.9,88.0,75.6,2.296,by_volume
T82U,2026-08-24,1.550,12978.5,7391.9,57.0,11448.4,1.549,by_volume
Y92,2026-08-24,0.460,11737.1,6313.7,53.8,2913.7,0.461,by_volume
5E2,2026-08-25,2.160,23596.7,2407.6,10.2,5157.6,2.142,by_value
9CI,2026-08-25,2.670,8561.2,1752.6,20.5,4670.2,2.665,by_value
A17U,2026-08-25,2.460,13060.7,3911.9,30.0,9593.7,2.452,by_value
AJBU,2026-08-25,2.240,11745.7,6200.7,52.8,13919.4,2.245,by_value
BN4,2026-08-25,11.440,2907.7,790.9,27.2,9036.4,11.425,by_value
C38U,2026-08-25,2.400,21800.2,9237.0,42.4,22170.3,2.400,by_value
C52,2026-08-25,1.290,7944.5,5336.5,67.2,6882.8,1.290,by_value
C6L,2026-08-25,6.920,4103.9,1087.3,26.5,7520.9,6.917,by_value
D05,2026-08-25,76.400,3612.8,318.9,8.8,24248.4,76.048,by_value
G13,2026-08-25,0.650,19064.9,9992.4,52.4,6493.6,0.650,by_value
J69U,2026-08-25,2.200,5438.1,2394.5,44.0,5247.5,2.191,by_value
N2IU,2026-08-25,1.280,10507.2,5617.2,53.5,7191.2,1.280,by_value
O39,2026-08-25,31.490,6188.8,1099.8,17.8,34445.6,31.319,by_value
S58,2026-08-25,4.070,8908.7,3845.7,43.2,15607.6,4.058,by_value
S63,2026-08-25,10.710,3164.6,578.8,18.3,6174.2,10.667,by_value
S68,2026-08-25,25.400,1852.1,261.9,14.1,6620.4,25.274,by_value
U11,2026-08-25,41.110,2631.9,666.7,25.3,27358.7,41.036,by_value
U14,2026-08-25,9.550,2226.4,1238.1,55.6,11830.0,9.555,by_value
U96,2026-08-25,6.050,3861.8,796.1,20.6,4778.2,6.002,by_value
Z74,2026-08-25,4.490,22636.3,1716.3,7.6,7683.3,4.477,by_value
A7RU,2026-08-25,0.515,8297.6,3829.2,46.1,1991.3,0.520,by_volume
AJBU,2026-08-25,2.240,11745.7,6200.7,52.8,13919.4,2.245,by_volume
AW9U,2026-08-25,0.215,5237.9,2685.5,51.3,577.4,0.215,by_volume
BSL,2026-08-25,0.865,3938.4,1672.3,42.5,1446.4,0.865,by_volume
BUOU,2026-08-25,0.950,5864.6,3312.9,56.5,3142.4,0.949,by_volume
C07,2026-08-25,27.230,136.6,83.0,60.8,2272.7,27.382,by_volume
C38U,2026-08-25,2.400,21800.2,9237.0,42.4,22170.3,2.400,by_volume
C52,2026-08-25,1.290,7944.5,5336.5,67.2,6882.8,1.290,by_volume
CJLU,2026-08-25,0.975,6163.7,3816.7,61.9,3723.9,0.976,by_volume
G13,2026-08-25,0.650,19064.9,9992.4,52.4,6493.6,0.650,by_volume
G92,2026-08-25,1.480,1547.3,768.7,49.7,1125.9,1.465,by_volume
HMN,2026-08-25,0.860,6059.1,2898.7,47.8,2499.3,0.862,by_volume
J69U,2026-08-25,2.200,5438.1,2394.5,44.0,5247.5,2.191,by_volume
JYEU,2026-08-25,0.570,16409.6,8182.1,49.9,4665.0,0.570,by_volume
N2IU,2026-08-25,1.280,10507.2,5617.2,53.5,7191.2,1.280,by_volume
NIO,2026-08-25,USD 4.450,160.6,78.3,48.8,437.5,4.396,by_volume
S08,2026-08-25,0.330,6879.6,3545.4,51.5,1178.0,0.332,by_volume
S58,2026-08-25,4.070,8908.7,3845.7,43.2,15607.6,4.058,by_volume
U14,2026-08-25,9.550,2226.4,1238.1,55.6,11830.0,9.555,by_volume
UIBU,2026-08-25,0.805,7075.9,3337.8,47.2,2668.5,0.799,by_volume
9CI,2026-08-26,2.680,11286.1,2428.6,21.5,6535.5,2.691,by_value
A17U,2026-08-26,2.450,15940.0,6841.5,42.9,16763.6,2.450,by_value
BN4,2026-08-26,11.410,2467.5,965.2,39.1,11020.6,11.417,by_value
BS6,2026-08-26,4.840,16880.5,1185.4,7.0,5718.8,4.824,by_value
C38U,2026-08-26,2.380,18229.1,6763.3,37.1,16203.2,2.396,by_value
C52,2026-08-26,1.290,7329.2,4671.3,63.7,6027.7,1.290,by_value
C6L,2026-08-26,6.930,6468.5,1492.3,23.1,10315.4,6.912,by_value
D05,2026-08-26,76.240,3105.3,270.8,8.7,20659.0,76.286,by_value
F34,2026-08-26,3.750,4810.5,1653.6,34.4,6194.1,3.746,by_value
G13,2026-08-26,0.645,51949.1,23126.4,44.5,15021.6,0.650,by_value
H78,2026-08-26,USD 8.190,3573.4,1070.0,29.9,11074.5,8.145,by_value
J36,2026-08-26,USD 59.580,648.1,88.7,13.7,6690.5,59.360,by_value
O39,2026-08-26,31.440,3512.1,557.0,15.9,17548.1,31.504,by_value
S58,2026-08-26,4.070,8480.9,3696.6,43.6,14965.9,4.049,by_value
S63,2026-08-26,10.580,3300.2,572.6,17.4,6077.7,10.614,by_value
S68,2026-08-26,25.570,2287.8,200.4,8.8,5113.3,25.515,by_value
U11,2026-08-26,40.950,1592.0,454.1,28.5,18616.0,40.995,by_value
U14,2026-08-26,9.370,2706.6,900.1,33.3,8437.0,9.373,by_value
U96,2026-08-26,6.120,12558.5,4174.6,33.2,25320.9,6.065,by_value
Z74,2026-08-26,4.510,24388.3,3732.7,15.3,16847.8,4.514,by_value
A17U,2026-08-26,2.450,15940.0,6841.5,42.9,16763.6,2.450,by_volume
BN4,2026-08-26,11.410,2467.5,965.2,39.1,11020.6,11.417,by_volume
C07,2026-08-26,27.200,215.1,112.0,52.1,3048.5,27.219,by_volume
C52,2026-08-26,1.290,7329.2,4671.3,63.7,6027.7,1.290,by_volume
D01,2026-08-26,USD 3.550,396.4,179.8,45.4,816.5,3.574,by_volume
E5H,2026-08-26,0.320,14020.9,6319.6,45.1,1994.5,0.316,by_volume
EB5,2026-08-26,4.330,1518.1,709.7,46.7,3064.4,4.318,by_volume
F03,2026-08-26,2.240,952.4,411.0,43.2,922.8,2.245,by_volume
G13,2026-08-26,0.645,51949.1,23126.4,44.5,15021.6,0.650,by_volume
H22,2026-08-26,2.860,1175.3,561.3,47.8,1621.7,2.889,by_volume
HMN,2026-08-26,0.860,4938.1,2028.3,41.1,1747.2,0.861,by_volume
JYEU,2026-08-26,0.565,18286.2,8914.5,48.7,5042.3,0.566,by_volume
K71U,2026-08-26,0.885,8701.2,3657.2,42.0,3240.2,0.886,by_volume
ME8U,2026-08-26,1.930,4569.1,1824.8,39.9,3521.5,1.930,by_volume
Q5T,2026-08-26,0.550,577.4,258.0,44.7,141.8,0.550,by_volume
S08,2026-08-26,0.340,3994.6,1837.5,46.0,617.6,0.336,by_volume
S58,2026-08-26,4.070,8480.9,3696.6,43.6,14965.9,4.049,by_volume
S59,2026-08-26,3.140,280.8,148.7,53.0,468.8,3.152,by_volume
TS0U,2026-08-26,0.360,2080.1,883.2,42.5,321.8,0.364,by_volume
Y92,2026-08-26,0.460,7037.1,2745.0,39.0,1270.2,0.463,by_volume
558,2026-08-28,2.670,7603.2,3041.5,40.0,8155.0,2.681,by_value
A17U,2026-08-28,2.430,18660.0,9857.3,52.8,23933.0,2.428,by_value
AJBU,2026-08-28,2.200,8674.5,4309.7,49.7,9481.1,2.200,by_value
AWX,2026-08-28,8.850,5109.8,971.0,19.0,8664.0,8.923,by_value
BN4,2026-08-28,11.460,3055.1,1346.1,44.1,15370.8,11.418,by_value
BUOU,2026-08-28,0.930,15370.3,6488.9,42.2,6045.1,0.932,by_value
C38U,2026-08-28,2.370,18216.2,8449.1,46.4,20020.0,2.369,by_value
C52,2026-08-28,1.290,11954.7,5709.4,47.8,7327.5,1.283,by_value
C6L,2026-08-28,6.890,5653.0,1895.0,33.5,13022.6,6.872,by_value
D05,2026-08-28,76.150,2515.2,426.8,17.0,32476.9,76.093,by_value
G13,2026-08-28,0.630,19519.4,11111.4,56.9,6952.9,0.626,by_value
J69U,2026-08-28,2.160,11691.7,5784.8,49.5,12513.1,2.163,by_value
O39,2026-08-28,31.070,4375.1,1030.3,23.5,31980.2,31.040,by_value
S58,2026-08-28,4.010,6592.7,3362.8,51.0,13482.8,4.009,by_value
S63,2026-08-28,10.640,3318.4,1040.2,31.3,11074.5,10.646,by_value
T82U,2026-08-28,1.440,17495.7,9200.5,52.6,13370.8,1.453,by_value
U11,2026-08-28,40.780,1717.9,403.7,23.5,16450.3,40.752,by_value
U14,2026-08-28,9.200,1677.5,638.3,38.1,5878.6,9.210,by_value
U96,2026-08-28,6.010,6102.2,1820.2,29.8,10964.6,6.024,by_value
Z74,2026-08-28,4.520,20834.9,2840.0,13.6,12834.3,4.519,by_value
9A4U,2026-08-28,2.300,607.9,333.0,54.8,765.7,2.299,by_volume
A17U,2026-08-28,2.430,18660.0,9857.3,52.8,23933.0,2.428,by_volume
A7RU,2026-08-28,0.520,9085.0,4290.8,47.2,2240.8,0.522,by_volume
AJBU,2026-08-28,2.200,8674.5,4309.7,49.7,9481.1,2.200,by_volume
BN2,2026-08-28,1.010,214.6,125.5,58.5,125.5,1.000,by_volume
C07,2026-08-28,27.190,183.8,85.8,46.7,2315.8,26.991,by_volume
C38U,2026-08-28,2.370,18216.2,8449.1,46.4,20020.0,2.369,by_volume
C52,2026-08-28,1.290,11954.7,5709.4,47.8,7327.5,1.283,by_volume
G13,2026-08-28,0.630,19519.4,11111.4,56.9,6952.9,0.626,by_volume
HMN,2026-08-28,0.855,6516.7,4006.6,61.5,3439.6,0.858,by_volume
J69U,2026-08-28,2.160,11691.7,5784.8,49.5,12513.1,2.163,by_volume
JYEU,2026-08-28,0.560,10919.3,6255.6,57.3,3507.4,0.561,by_volume
M44U,2026-08-28,1.160,6340.6,3355.3,52.9,3903.2,1.163,by_volume
ME8U,2026-08-28,1.920,4313.2,2530.0,58.7,4848.1,1.916,by_volume
P40U,2026-08-28,0.525,1496.1,780.3,52.2,410.1,0.526,by_volume
S58,2026-08-28,4.010,6592.7,3362.8,51.0,13482.8,4.009,by_volume
S61,2026-08-28,3.770,86.4,49.9,57.8,188.6,3.780,by_volume
T82U,2026-08-28,1.440,17495.7,9200.5,52.6,13370.8,1.453,by_volume
TS0U,2026-08-28,0.360,1821.5,1060.5,58.2,381.7,0.360,by_volume
Y92,2026-08-28,0.465,16740.3,11069.5,66.1,5152.6,0.465,by_volume
A17U,2026-08-31,2.450,25738.1,8737.6,33.9,21383.0,2.447,by_value
BN4,2026-08-31,11.600,5865.8,1299.3,22.2,15044.0,11.579,by_value
BUOU,2026-08-31,0.935,18145.9,9580.7,52.8,8867.6,0.926,by_value
C09,2026-08-31,8.320,2122.4,1256.9,59.2,10460.8,8.323,by_value
C38U,2026-08-31,2.370,50067.4,17819.2,35.6,42230.4,2.370,by_value
C52,2026-08-31,1.290,17445.6,8494.6,48.7,11035.2,1.299,by_value
C6L,2026-08-31,6.790,11117.0,3343.9,30.1,22723.9,6.796,by_value
D05,2026-08-31,77.400,6652.8,1451.5,21.8,112186.9,77.290,by_value
F34,2026-08-31,3.840,15556.9,3393.7,21.8,13067.9,3.851,by_value
G13,2026-08-31,0.630,30169.7,13426.4,44.5,8401.9,0.626,by_value
H78,2026-08-31,USD 8.150,4359.7,2019.5,46.3,20791.3,8.103,by_value
M44U,2026-08-31,1.170,16411.8,9662.1,58.9,11217.3,1.161,by_value
N2IU,2026-08-31,1.270,16362.8,7402.2,45.2,9334.5,1.261,by_value
O39,2026-08-31,31.520,10101.9,1731.0,17.1,54457.7,31.460,by_value
S58,2026-08-31,3.920,12757.3,5044.3,39.5,19964.3,3.958,by_value
S63,2026-08-31,10.790,8933.1,2758.8,30.9,29676.7,10.757,by_value
U11,2026-08-31,41.560,6077.8,1277.7,21.0,53022.0,41.499,by_value
U14,2026-08-31,9.070,2837.0,1129.5,39.8,10267.1,9.090,by_value
U96,2026-08-31,5.920,110562.4,7245.9,6.6,42909.3,5.922,by_value
Z74,2026-08-31,4.540,31881.6,5800.6,18.2,26293.2,4.533,by_value
AJBU,2026-08-31,2.200,9325.4,3711.9,39.8,8149.7,2.196,by_volume
BSL,2026-08-31,0.865,4497.5,1909.8,42.5,1648.3,0.863,by_volume
BUOU,2026-08-31,0.935,18145.9,9580.7,52.8,8867.6,0.926,by_volume
C09,2026-08-31,8.320,2122.4,1256.9,59.2,10460.8,8.323,by_volume
C52,2026-08-31,1.290,17445.6,8494.6,48.7,11035.2,1.299,by_volume
CJLU,2026-08-31,0.975,4341.9,1648.0,38.0,1613.2,0.979,by_volume
D01,2026-08-31,USD 3.710,1900.2,937.6,49.3,4382.3,3.679,by_volume
DCRU,2026-08-31,USD 0.505,3032.5,1320.2,43.5,842.1,0.502,by_volume
EB5,2026-08-31,4.570,2352.2,941.3,40.0,4281.4,4.548,by_volume
G13,2026-08-31,0.630,30169.7,13426.4,44.5,8401.9,0.626,by_volume
H78,2026-08-31,USD 8.150,4359.7,2019.5,46.3,20791.3,8.103,by_volume
JYEU,2026-08-31,0.565,13394.0,5179.7,38.7,2908.2,0.561,by_volume
K71U,2026-08-31,0.875,11908.8,4577.2,38.4,4007.3,0.875,by_volume
M44U,2026-08-31,1.170,16411.8,9662.1,58.9,11217.3,1.161,by_volume
N2IU,2026-08-31,1.270,16362.8,7402.2,45.2,9334.5,1.261,by_volume
S58,2026-08-31,3.920,12757.3,5044.3,39.5,19964.3,3.958,by_volume
T82U,2026-08-31,1.460,11329.9,5715.9,50.4,8342.6,1.460,by_volume
TS0U,2026-08-31,0.365,3920.0,1658.1,42.3,599.7,0.362,by_volume
U14,2026-08-31,9.070,2837.0,1129.5,39.8,10267.1,9.090,by_volume
UIBU,2026-08-31,0.800,10277.8,5238.1,51.0,4172.1,0.796,by_volume
5E2,2026-09-01,2.170,25990.1,3524.5,13.6,7568.9,2.148,by_value
A17U,2026-09-01,2.410,22726.7,6973.0,30.7,16878.8,2.421,by_value
BN4,2026-09-01,11.570,3087.1,1443.1,46.7,16705.0,11.576,by_value
BUOU,2026-09-01,0.925,19200.6,10842.6,56.5,10005.0,0.923,by_value
C38U,2026-09-01,2.350,31209.7,15197.3,48.7,35790.4,2.355,by_value
C6L,2026-09-01,6.760,6106.4,2401.6,39.3,16202.3,6.746,by_value
D05,2026-09-01,76.910,3867.2,785.9,20.3,60488.8,76.970,by_value
F34,2026-09-01,3.760,10609.5,1899.3,17.9,7162.7,3.771,by_value
G13,2026-09-01,0.620,27872.7,17389.7,62.4,10791.1,0.621,by_value
H78,2026-09-01,USD 8.000,2214.9,1180.5,53.3,12002.4,8.002,by_value
J69U,2026-09-01,2.140,10052.1,4399.1,43.8,9471.3,2.153,by_value
M44U,2026-09-01,1.160,14064.0,7007.0,49.8,8124.5,1.159,by_value
N2IU,2026-09-01,1.260,15269.7,7249.3,47.5,9089.1,1.254,by_value
O39,2026-09-01,31.340,4946.5,1518.5,30.7,47737.2,31.436,by_value
S58,2026-09-01,3.920,7376.2,3497.6,47.4,13762.0,3.935,by_value
S63,2026-09-01,10.580,7254.1,2144.2,29.6,22743.7,10.607,by_value
S68,2026-09-01,24.950,2523.0,616.0,24.4,15442.9,25.070,by_value
U11,2026-09-01,41.420,3277.8,732.8,22.4,30375.9,41.452,by_value
Y92,2026-09-01,0.460,49848.5,25228.0,50.6,11799.4,0.468,by_value
Z74,2026-09-01,4.460,27700.3,2812.3,10.2,12631.9,4.492,by_value
AU8U,2026-09-01,0.640,861.5,458.7,53.2,292.6,0.638,by_volume
BEC,2026-09-01,4.180,32.3,17.2,53.3,72.6,4.218,by_volume
BUOU,2026-09-01,0.925,19200.6,10842.6,56.5,10005.0,0.923,by_volume
BVA,2026-09-01,0.205,1694.7,1381.7,81.5,283.2,0.205,by_volume
C38U,2026-09-01,2.350,31209.7,15197.3,48.7,35790.4,2.355,by_volume
C52,2026-09-01,1.280,6912.8,4402.6,63.7,5680.9,1.290,by_volume
CJLU,2026-09-01,0.975,5093.8,2833.1,55.6,2763.6,0.975,by_volume
D01,2026-09-01,USD 3.550,836.7,472.6,56.5,2153.7,3.587,by_volume
EB5,2026-09-01,4.420,1895.3,1011.0,53.3,4497.6,4.449,by_volume
G13,2026-09-01,0.620,27872.7,17389.7,62.4,10791.1,0.621,by_volume
G92,2026-09-01,1.420,369.9,192.5,52.0,275.1,1.429,by_volume
H78,2026-09-01,USD 8.000,2214.9,1180.5,53.3,12002.4,8.002,by_volume
K71U,2026-09-01,0.870,9094.9,4508.6,49.6,3918.1,0.869,by_volume
M44U,2026-09-01,1.160,14064.0,7007.0,49.8,8124.5,1.159,by_volume
ME8U,2026-09-01,1.940,5802.2,3374.9,58.2,6531.6,1.935,by_volume
NIO,2026-09-01,USD 4.110,321.4,203.6,63.4,1064.8,4.116,by_volume
S08,2026-09-01,0.340,2087.2,1194.1,57.2,401.7,0.336,by_volume
S59,2026-09-01,3.100,1082.8,587.7,54.3,1827.9,3.110,by_volume
Y92,2026-09-01,0.460,49848.5,25228.0,50.6,11799.4,0.468,by_volume
YF8,2026-09-01,0.200,9204.8,4700.2,51.1,940.5,0.200,by_volume
5E2,2026-09-02,2.120,18924.3,5127.6,27.1,10899.6,2.126,by_value
9CI,2026-09-02,2.660,10587.0,4564.7,43.1,12085.5,2.648,by_value
A17U,2026-09-02,2.380,40809.5,17543.7,43.0,41986.9,2.393,by_value
AJBU,2026-09-02,2.190,32794.7,21889.8,66.7,47471.2,2.169,by_value
BN4,2026-09-02,11.530,2403.0,1142.9,47.6,13174.7,11.527,by_value
BS6,2026-09-02,4.660,16594.4,2793.2,16.8,13006.1,4.656,by_value
C38U,2026-09-02,2.340,23703.8,8265.5,34.9,19361.6,2.342,by_value
C6L,2026-09-02,6.770,8694.5,4688.2,53.9,31523.1,6.724,by_value
D05,2026-09-02,77.600,3161.7,429.2,13.6,33216.3,77.389,by_value
F34,2026-09-02,3.840,6282.4,3555.1,56.6,13576.6,3.819,by_value
G13,2026-09-02,0.615,20529.0,14541.7,70.8,8935.8,0.614,by_value
J69U,2026-09-02,2.150,7983.4,2882.7,36.1,6166.7,2.139,by_value
ME8U,2026-09-02,1.940,6968.5,5034.9,72.3,9759.6,1.938,by_value
N2IU,2026-09-02,1.250,18276.0,6971.7,38.1,8694.3,1.247,by_value
O39,2026-09-02,31.850,5788.8,1308.4,22.6,41503.0,31.720,by_value
S58,2026-09-02,3.880,5485.3,2688.5,49.0,10422.2,3.877,by_value
S63,2026-09-02,10.490,3421.2,1166.3,34.1,12225.1,10.482,by_value
S68,2026-09-02,24.950,3389.7,756.7,22.3,18752.5,24.782,by_value
U11,2026-09-02,41.770,2707.5,761.9,28.1,31694.8,41.600,by_value
Y92,2026-09-02,0.450,46421.9,18674.9,40.2,8393.4,0.449,by_value
A7RU,2026-09-02,0.520,10908.8,4886.1,44.8,2541.4,0.520,by_volume
AJBU,2026-09-02,2.190,32794.7,21889.8,66.7,47471.2,2.169,by_volume
BN4,2026-09-02,11.530,2403.0,1142.9,47.6,13174.7,11.527,by_volume
BSL,2026-09-02,0.855,1309.4,764.5,58.4,655.5,0.857,by_volume
C52,2026-09-02,1.280,4195.6,2607.2,62.1,3345.0,1.283,by_volume
C6L,2026-09-02,6.770,8694.5,4688.2,53.9,31523.1,6.724,by_volume
CC3,2026-09-02,1.120,1299.7,599.8,46.1,666.1,1.111,by_volume
F34,2026-09-02,3.840,6282.4,3555.1,56.6,13576.6,3.819,by_volume
G13,2026-09-02,0.615,20529.0,14541.7,70.8,8935.8,0.614,by_volume
H02,2026-09-02,14.190,715.9,377.3,52.7,5369.3,14.231,by_volume
H78,2026-09-02,USD 8.120,1254.0,707.9,56.5,7273.4,8.086,by_volume
K71U,2026-09-02,0.865,15043.3,7059.0,46.9,6086.4,0.862,by_volume
M44U,2026-09-02,1.150,5592.2,2558.0,45.7,2949.8,1.153,by_volume
ME8U,2026-09-02,1.940,6968.5,5034.9,72.3,9759.6,1.938,by_volume
P40U,2026-09-02,0.525,1110.2,593.1,53.4,311.9,0.526,by_volume
S58,2026-09-02,3.880,5485.3,2688.5,49.0,10422.2,3.877,by_volume
S59,2026-09-02,3.100,660.4,330.8,50.1,1025.6,3.100,by_volume
UIBU,2026-09-02,0.785,7625.6,4749.6,62.3,3752.7,0.790,by_volume
YF8,2026-09-02,0.198,30519.2,13787.2,45.2,2745.4,0.199,by_volume
Z25,2026-09-02,0.545,2203.8,1256.7,57.0,682.2,0.543,by_volume
A17U,2026-09-03,2.370,16176.2,7339.9,45.4,17447.4,2.377,by_value
AJBU,2026-09-03,2.190,11586.2,5126.0,44.2,11196.0,2.184,by_value
BN4,2026-09-03,11.480,2922.0,779.7,26.7,8959.2,11.491,by_value
BS6,2026-09-03,4.720,14549.8,3339.2,23.0,15730.3,4.711,by_value
C38U,2026-09-03,2.320,34227.5,19658.9,57.4,45679.9,2.324,by_value
C6L,2026-09-03,6.750,4115.8,1224.0,29.7,8222.4,6.718,by_value
D05,2026-09-03,77.950,4293.7,452.6,10.5,35357.5,78.125,by_value
G13,2026-09-03,0.615,17110.4,12390.8,72.4,7627.6,0.616,by_value
H78,2026-09-03,USD 8.280,2185.5,1019.3,46.6,10742.3,8.275,by_value
J69U,2026-09-03,2.130,6929.2,3970.9,57.3,8468.0,2.133,by_value
K71U,2026-09-03,0.860,17219.8,7203.0,41.8,6193.1,0.860,by_value
M44U,2026-09-03,1.140,16571.7,8017.4,48.4,9204.6,1.148,by_value
N2IU,2026-09-03,1.220,20158.9,5357.7,26.6,6611.1,1.234,by_value
O39,2026-09-03,31.920,4721.1,874.5,18.5,27982.7,31.997,by_value
S58,2026-09-03,3.850,5892.8,2364.8,40.1,9120.0,3.857,by_value
S63,2026-09-03,10.430,4142.0,1009.9,24.4,10525.2,10.422,by_value
S68,2026-09-03,25.000,1997.3,308.5,15.4,7708.5,24.991,by_value
U11,2026-09-03,41.740,2428.9,877.7,36.1,36646.7,41.754,by_value
U14,2026-09-03,9.010,2381.3,758.9,31.9,6861.2,9.041,by_value
Z74,2026-09-03,4.440,14193.6,2072.3,14.6,9178.2,4.429,by_value
8YZ,2026-09-03,0.575,2993.1,1531.2,51.2,884.2,0.577,by_volume
A17U,2026-09-03,2.370,16176.2,7339.9,45.4,17447.4,2.377,by_volume
A7RU,2026-09-03,0.515,5456.7,2481.7,45.5,1289.8,0.520,by_volume
AJBU,2026-09-03,2.190,11586.2,5126.0,44.2,11196.0,2.184,by_volume
AVP,2026-09-03,17.130,16.3,7.3,44.7,123.7,16.990,by_volume
C38U,2026-09-03,2.320,34227.5,19658.9,57.4,45679.9,2.324,by_volume
C52,2026-09-03,1.290,2943.0,1926.5,65.5,2474.9,1.285,by_volume
CJLU,2026-09-03,0.975,6904.7,3872.9,56.1,3779.9,0.976,by_volume
G13,2026-09-03,0.615,17110.4,12390.8,72.4,7627.6,0.616,by_volume
H02,2026-09-03,13.980,439.1,211.1,48.1,2957.6,14.011,by_volume
H78,2026-09-03,USD 8.280,2185.5,1019.3,46.6,10742.3,8.275,by_volume
J69U,2026-09-03,2.130,6929.2,3970.9,57.3,8468.0,2.133,by_volume
M44U,2026-09-03,1.140,16571.7,8017.4,48.4,9204.6,1.148,by_volume
ME8U,2026-09-03,1.920,4371.0,2496.7,57.1,4815.7,1.929,by_volume
NS8U,2026-09-03,USD 0.205,2905.5,1901.0,65.4,496.3,0.205,by_volume
S08,2026-09-03,0.340,2625.4,1314.6,50.1,440.4,0.335,by_volume
UIBU,2026-09-03,0.785,1961.9,1368.5,69.8,1077.6,0.787,by_volume
V03,2026-09-03,16.640,483.2,238.3,49.3,3959.8,16.619,by_volume
Y92,2026-09-03,0.450,14066.9,6883.8,48.9,3098.0,0.450,by_volume
Z25,2026-09-03,0.545,1608.0,776.4,48.3,422.8,0.545,by_volume
A17U,2026-09-04,2.380,23090.9,7658.3,33.2,18312.0,2.391,by_value
AJBU,2026-09-04,2.190,9508.6,3715.3,39.1,8154.9,2.195,by_value
BN4,2026-09-04,11.540,2347.5,588.2,25.1,6793.1,11.548,by_value
BS6,2026-09-04,4.940,28220.8,2613.8,9.3,12816.9,4.904,by_value
C09,2026-09-04,8.600,4030.9,735.1,18.2,6314.6,8.590,by_value
C38U,2026-09-04,2.340,31772.1,15969.0,50.3,37338.8,2.338,by_value
C52,2026-09-04,1.290,8426.8,5452.6,64.7,7003.5,1.284,by_value
C6L,2026-09-04,6.760,5664.9,1158.6,20.5,7816.1,6.746,by_value
D05,2026-09-04,78.650,3764.4,417.6,11.1,32822.7,78.607,by_value
F34,2026-09-04,3.820,4705.1,2145.8,45.6,8176.9,3.811,by_value
G13,2026-09-04,0.620,29322.0,19888.2,67.8,12323.9,0.620,by_value
H78,2026-09-04,USD 8.550,3137.6,1001.4,31.9,10869.9,8.523,by_value
J69U,2026-09-04,2.140,6228.9,2819.9,45.3,6034.0,2.140,by_value
M44U,2026-09-04,1.150,15030.6,5760.3,38.3,6622.3,1.150,by_value
N2IU,2026-09-04,1.230,17572.8,7006.8,39.9,8616.4,1.230,by_value
O39,2026-09-04,32.270,4702.8,1010.8,21.5,32616.7,32.269,by_value
S58,2026-09-04,3.880,5130.9,2020.0,39.4,7825.3,3.874,by_value
S63,2026-09-04,10.480,3047.9,828.0,27.2,8683.9,10.488,by_value
U11,2026-09-04,42.010,2870.5,492.6,17.2,20729.1,42.081,by_value
Z74,2026-09-04,4.520,17742.2,1750.8,9.9,7879.8,4.501,by_value
8YZ,2026-09-04,0.580,1753.0,676.1,38.6,391.5,0.579,by_volume
AJBU,2026-09-04,2.190,9508.6,3715.3,39.1,8154.9,2.195,by_volume
AU8U,2026-09-04,0.630,1567.9,647.4,41.3,407.4,0.629,by_volume
C38U,2026-09-04,2.340,31772.1,15969.0,50.3,37338.8,2.338,by_volume
C52,2026-09-04,1.290,8426.8,5452.6,64.7,7003.5,1.284,by_volume
D01,2026-09-04,USD 3.620,652.8,271.1,41.5,1266.3,3.668,by_volume
DCRU,2026-09-04,USD 0.490,5301.5,2062.5,38.9,1288.7,0.491,by_volume
F34,2026-09-04,3.820,4705.1,2145.8,45.6,8176.9,3.811,by_volume
G13,2026-09-04,0.620,29322.0,19888.2,67.8,12323.9,0.620,by_volume
J69U,2026-09-04,2.140,6228.9,2819.9,45.3,6034.0,2.140,by_volume
JYEU,2026-09-04,0.555,9234.4,5881.9,63.7,3272.0,0.556,by_volume
K71U,2026-09-04,0.860,14865.6,6087.5,41.0,5234.3,0.860,by_volume
M44U,2026-09-04,1.150,15030.6,5760.3,38.3,6622.3,1.150,by_volume
ME8U,2026-09-04,1.930,6203.1,2894.7,46.7,5585.3,1.930,by_volume
N2IU,2026-09-04,1.230,17572.8,7006.8,39.9,8616.4,1.230,by_volume
NS8U,2026-09-04,USD 0.205,2538.5,977.8,38.5,253.6,0.204,by_volume
S08,2026-09-04,0.335,1801.5,758.1,42.1,255.2,0.337,by_volume
S58,2026-09-04,3.880,5130.9,2020.0,39.4,7825.3,3.874,by_volume
Y92,2026-09-04,0.450,14645.8,8765.6,59.9,3917.8,0.447,by_volume
YF8,2026-09-04,0.205,12259.7,4802.3,39.2,974.2,0.203,by_volume
558,2026-09-07,2.570,7574.9,1895.1,25.0,4870.0,2.570,by_value
A17U,2026-09-07,2.390,20341.0,7816.6,38.4,18699.5,2.392,by_value
AJBU,2026-09-07,2.240,44162.0,17981.7,40.7,40207.8,2.236,by_value
BN4,2026-09-07,11.790,4286.5,827.5,19.3,9685.3,11.705,by_value
BS6,2026-09-07,4.940,11760.1,3018.2,25.7,14966.3,4.959,by_value
BUOU,2026-09-07,0.920,27404.7,7534.2,27.5,6931.4,0.920,by_value
C09,2026-09-07,8.600,2745.5,963.9,35.1,8327.1,8.639,by_value
C38U,2026-09-07,2.350,26843.2,15150.3,56.4,35763.9,2.361,by_value
D05,2026-09-07,78.470,2489.8,907.0,36.4,71006.2,78.287,by_value
G13,2026-09-07,0.625,24033.2,13342.9,55.5,8341.0,0.625,by_value
J69U,2026-09-07,2.150,8920.8,3868.8,43.4,8330.2,2.153,by_value
M44U,2026-09-07,1.160,17208.1,8753.6,50.9,10180.0,1.163,by_value
ME8U,2026-09-07,1.950,6278.5,2944.9,46.9,5716.5,1.941,by_value
N2IU,2026-09-07,1.240,15285.2,5643.8,36.9,7007.9,1.242,by_value
O39,2026-09-07,31.880,4868.9,2528.8,51.9,80639.1,31.889,by_value
S58,2026-09-07,3.970,10474.1,3828.9,36.6,15247.9,3.982,by_value
S63,2026-09-07,10.400,3573.3,845.7,23.7,8820.0,10.429,by_value
S68,2026-09-07,25.130,776.1,269.7,34.8,6776.7,25.127,by_value
U11,2026-09-07,41.750,1766.8,595.6,33.7,24898.2,41.803,by_value
Z74,2026-09-07,4.560,14471.2,2205.8,15.2,9996.4,4.532,by_value
9A4U,2026-09-07,2.250,781.9,323.5,41.4,733.7,2.268,by_volume
A17U,2026-09-07,2.390,20341.0,7816.6,38.4,18699.5,2.392,by_volume
A7RU,2026-09-07,0.520,5953.3,3837.7,64.5,1995.6,0.520,by_volume
AJBU,2026-09-07,2.240,44162.0,17981.7,40.7,40207.8,2.236,by_volume
BVA,2026-09-07,0.200,2549.2,1457.5,57.2,291.5,0.200,by_volume
C38U,2026-09-07,2.350,26843.2,15150.3,56.4,35763.9,2.361,by_volume
C52,2026-09-07,1.280,2727.8,1346.6,49.4,1730.2,1.285,by_volume
CC3,2026-09-07,1.120,645.3,363.8,56.4,408.2,1.122,by_volume
G13,2026-09-07,0.625,24033.2,13342.9,55.5,8341.0,0.625,by_volume
H02,2026-09-07,14.100,204.4,78.6,38.5,1113.0,14.160,by_volume
H78,2026-09-07,USD 8.560,966.7,376.1,38.9,4091.5,8.542,by_volume
J69U,2026-09-07,2.150,8920.8,3868.8,43.4,8330.2,2.153,by_volume
K71U,2026-09-07,0.870,12061.0,5136.8,42.6,4457.5,0.868,by_volume
M44U,2026-09-07,1.160,17208.1,8753.6,50.9,10180.0,1.163,by_volume
ME8U,2026-09-07,1.950,6278.5,2944.9,46.9,5716.5,1.941,by_volume
O39,2026-09-07,31.880,4868.9,2528.8,51.9,80639.1,31.889,by_volume
Q5T,2026-09-07,0.545,897.6,382.0,42.6,209.9,0.550,by_volume
S08,2026-09-07,0.330,2064.4,1309.6,63.4,436.6,0.333,by_volume
UIBU,2026-09-07,0.795,6138.7,3010.2,49.0,2389.7,0.794,by_volume
YF8,2026-09-07,0.200,2262.5,902.5,39.9,182.2,0.202,by_volume
9CI,2026-09-08,2.610,11740.3,2913.7,24.8,7610.2,2.612,by_value
A17U,2026-09-08,2.370,16361.2,9812.5,60.0,23254.7,2.370,by_value
AJBU,2026-09-08,2.190,13446.8,6374.2,47.4,13959.3,2.190,by_value
BN4,2026-09-08,11.880,4676.5,1539.1,32.9,18208.6,11.831,by_value
BS6,2026-09-08,5.140,30580.6,3368.2,11.0,17399.3,5.166,by_value
BUOU,2026-09-08,0.900,42049.4,14946.3,35.5,13542.5,0.906,by_value
C09,2026-09-08,8.390,1901.7,1224.8,64.4,10352.1,8.452,by_value
C38U,2026-09-08,2.340,21328.3,12302.8,57.7,28649.2,2.329,by_value
C6L,2026-09-08,6.730,3308.0,1381.5,41.8,9285.7,6.721,by_value
D05,2026-09-08,78.100,2702.6,684.5,25.3,53472.5,78.119,by_value
F34,2026-09-08,3.730,5762.4,2657.9,46.1,9937.5,3.739,by_value
G13,2026-09-08,0.620,20003.6,9753.8,48.8,6053.6,0.621,by_value
K71U,2026-09-08,0.860,12175.9,7677.4,63.1,6605.7,0.860,by_value
O39,2026-09-08,31.700,4781.5,2232.0,46.7,70613.9,31.637,by_value
S58,2026-09-08,4.060,10267.3,3982.8,38.8,15994.7,4.016,by_value
S68,2026-09-08,24.900,1265.2,368.5,29.1,9186.8,24.930,by_value
U11,2026-09-08,41.600,1966.1,480.3,24.4,19964.5,41.567,by_value
U14,2026-09-08,8.780,5435.2,2143.6,39.4,18952.1,8.841,by_value
V03,2026-09-08,16.660,748.1,377.2,50.4,6281.9,16.654,by_value
Z74,2026-09-08,4.540,13088.3,1828.0,14.0,8254.3,4.515,by_value
9A4U,2026-09-08,2.220,1784.8,925.7,51.9,2058.8,2.224,by_volume
A17U,2026-09-08,2.370,16361.2,9812.5,60.0,23254.7,2.370,by_volume
AU8U,2026-09-08,0.630,781.7,510.7,65.3,321.1,0.629,by_volume
BVA,2026-09-08,0.205,973.3,590.3,60.6,118.2,0.200,by_volume
C09,2026-09-08,8.390,1901.7,1224.8,64.4,10352.1,8.452,by_volume
C38U,2026-09-08,2.340,21328.3,12302.8,57.7,28649.2,2.329,by_volume
CJLU,2026-09-08,0.975,3996.0,2260.3,56.6,2201.1,0.974,by_volume
E5H,2026-09-08,0.325,9520.2,5638.0,59.2,1829.4,0.324,by_volume
F17,2026-09-08,2.280,48.2,26.1,54.1,59.3,2.273,by_volume
G13,2026-09-08,0.620,20003.6,9753.8,48.8,6053.6,0.621,by_volume
JYEU,2026-09-08,0.555,13027.1,7435.1,57.1,4130.6,0.556,by_volume
K71U,2026-09-08,0.860,12175.9,7677.4,63.1,6605.7,0.860,by_volume
ME8U,2026-09-08,1.930,4143.5,2605.1,62.9,5032.4,1.932,by_volume
N2IU,2026-09-08,1.230,3650.4,2040.1,55.9,2506.8,1.229,by_volume
Q5T,2026-09-08,0.550,604.8,379.7,62.8,207.1,0.545,by_volume
T14,2026-09-08,USD 2.550,133.3,67.3,50.5,218.2,2.546,by_volume
TS0U,2026-09-08,0.355,2666.7,2167.0,81.3,769.2,0.355,by_volume
V03,2026-09-08,16.660,748.1,377.2,50.4,6281.9,16.654,by_volume
Y92,2026-09-08,0.450,6663.4,3486.3,52.3,1578.6,0.453,by_volume
Z25,2026-09-08,0.530,2289.8,1535.2,67.0,821.2,0.535,by_volume
558,2026-09-09,2.590,7924.0,2652.2,33.5,6905.9,2.604,by_value
A17U,2026-09-09,2.350,20992.1,10012.1,47.7,23590.3,2.356,by_value
AJBU,2026-09-09,2.180,7116.3,3090.1,43.4,6733.0,2.179,by_value
BN4,2026-09-09,11.800,4323.4,1627.6,37.6,19157.9,11.771,by_value
BS6,2026-09-09,5.120,12526.7,1484.7,11.9,7580.2,5.106,by_value
C38U,2026-09-09,2.320,28174.4,11652.1,41.4,26989.5,2.316,by_value
C52,2026-09-09,1.290,12133.9,6602.9,54.4,8455.3,1.281,by_value
C6L,2026-09-09,6.720,6333.9,1979.0,31.2,13247.3,6.694,by_value
D05,2026-09-09,77.500,3791.7,1103.9,29.1,85666.2,77.600,by_value
G13,2026-09-09,0.615,35862.7,22912.6,63.9,14095.6,0.615,by_value
H78,2026-09-09,USD 8.540,1778.6,820.8,46.1,8876.7,8.492,by_value
J69U,2026-09-09,2.110,10761.2,5137.2,47.7,10848.7,2.112,by_value
M44U,2026-09-09,1.140,12777.5,9369.7,73.3,10669.5,1.139,by_value
N2IU,2026-09-09,1.230,14307.3,8066.1,56.4,9853.2,1.222,by_value
O39,2026-09-09,31.350,6159.0,2158.6,35.0,67846.4,31.430,by_value
S58,2026-09-09,4.000,8037.5,2886.0,35.9,11541.4,3.999,by_value
S63,2026-09-09,10.370,5077.4,1053.8,20.8,10916.9,10.360,by_value
S68,2026-09-09,24.780,2223.3,610.5,27.5,15119.7,24.766,by_value
U11,2026-09-09,41.180,2726.1,851.5,31.2,35076.2,41.193,by_value
Z74,2026-09-09,4.560,17446.2,2558.0,14.7,11584.2,4.529,by_value
A17U,2026-09-09,2.350,20992.1,10012.1,47.7,23590.3,2.356,by_volume
AU8U,2026-09-09,0.625,1655.9,799.4,48.3,499.4,0.625,by_volume
C09,2026-09-09,8.350,1538.6,730.6,47.5,6097.7,8.346,by_volume
C52,2026-09-09,1.290,12133.9,6602.9,54.4,8455.3,1.281,by_volume
CC3,2026-09-09,1.120,2004.1,1019.2,50.9,1135.6,1.114,by_volume
CJLU,2026-09-09,0.980,1726.3,834.4,48.3,814.4,0.976,by_volume
DCRU,2026-09-09,USD 0.495,312.5,205.9,65.9,128.6,0.490,by_volume
G13,2026-09-09,0.615,35862.7,22912.6,63.9,14095.6,0.615,by_volume
H78,2026-09-09,USD 8.540,1778.6,820.8,46.1,8876.7,8.492,by_volume
J69U,2026-09-09,2.110,10761.2,5137.2,47.7,10848.7,2.112,by_volume
JYEU,2026-09-09,0.555,2949.8,1417.3,48.0,785.4,0.554,by_volume
K71U,2026-09-09,0.855,10575.8,6570.2,62.1,5614.7,0.855,by_volume
M44U,2026-09-09,1.140,12777.5,9369.7,73.3,10669.5,1.139,by_volume
ME8U,2026-09-09,1.930,1825.9,974.8,53.4,1876.8,1.925,by_volume
N2IU,2026-09-09,1.230,14307.3,8066.1,56.4,9853.2,1.222,by_volume
P40U,2026-09-09,0.525,670.5,359.7,53.6,188.8,0.525,by_volume
Q5T,2026-09-09,0.545,597.4,276.6,46.3,150.7,0.545,by_volume
S59,2026-09-09,3.120,210.6,116.2,55.2,363.5,3.128,by_volume
UIBU,2026-09-09,0.800,3168.6,1722.8,54.4,1368.2,0.794,by_volume
Y92,2026-09-09,0.445,16596.4,8550.2,51.5,3845.7,0.450,by_volume
9CI,2026-09-10,2.610,7500.3,3216.5,42.9,8385.4,2.607,by_value
A17U,2026-09-10,2.340,28040.3,10806.6,38.5,25283.2,2.340,by_value
AJBU,2026-09-10,2.150,28782.2,10901.0,37.9,23457.5,2.152,by_value
BN4,2026-09-10,11.470,5912.0,4077.3,69.0,46984.6,11.524,by_value
BS6,2026-09-10,5.000,14099.0,3283.4,23.3,16464.2,5.014,by_value
C09,2026-09-10,8.220,1730.6,1033.2,59.7,8506.2,8.233,by_value
C38U,2026-09-10,2.280,22206.6,10660.1,48.0,24468.3,2.295,by_value
C6L,2026-09-10,6.660,5556.6,1283.9,23.1,8565.9,6.672,by_value
D05,2026-09-10,76.790,4260.1,1091.2,25.6,83952.4,76.936,by_value
EB5,2026-09-10,4.430,3564.7,1772.6,49.7,7891.0,4.452,by_value
G13,2026-09-10,0.615,25019.9,15013.3,60.0,9234.2,0.615,by_value
M44U,2026-09-10,1.130,16262.8,8110.3,49.9,9158.8,1.129,by_value
N2IU,2026-09-10,1.210,19076.3,6717.9,35.2,8132.1,1.211,by_value
O39,2026-09-10,31.390,4980.8,1788.9,35.9,56075.0,31.347,by_value
S58,2026-09-10,3.930,6042.4,2812.8,46.6,11104.6,3.948,by_value
S63,2026-09-10,10.270,3429.5,1347.7,39.3,13879.4,10.299,by_value
S68,2026-09-10,24.680,1799.7,626.9,34.8,15477.8,24.689,by_value
U11,2026-09-10,40.990,2365.6,721.5,30.5,29605.0,41.033,by_value
U96,2026-09-10,6.100,4659.1,1041.3,22.3,6365.7,6.113,by_value
Z74,2026-09-10,4.520,13947.8,3301.1,23.7,14921.0,4.520,by_value
9CI,2026-09-11,2.600,4990.1,2566.3,51.4,6655.5,2.593,by_value
A17U,2026-09-11,2.340,22478.5,9016.4,40.1,21000.8,2.329,by_value
AJBU,2026-09-11,2.140,14869.3,4403.3,29.6,9414.7,2.138,by_value
BN4,2026-09-11,11.430,3066.4,2269.4,74.0,25880.2,11.404,by_value
C09,2026-09-11,8.160,1181.0,792.5,67.1,6458.1,8.149,by_value
C38U,2026-09-11,2.280,21716.5,11535.6,53.1,26319.2,2.282,by_value
D05,2026-09-11,77.000,3043.1,607.9,20.0,46792.4,76.974,by_value
EB5,2026-09-11,4.320,4710.8,1271.8,27.0,5587.2,4.393,by_value
J69U,2026-09-11,2.090,9291.6,4637.4,49.9,9694.4,2.090,by_value
K71U,2026-09-11,0.850,15295.7,8350.0,54.6,7048.2,0.844,by_value
M44U,2026-09-11,1.120,15900.4,8162.0,51.3,9138.6,1.120,by_value
N2IU,2026-09-11,1.200,17731.5,8010.4,45.2,9569.0,1.195,by_value
O39,2026-09-11,31.600,2834.3,736.1,26.0,23185.9,31.500,by_value
S58,2026-09-11,3.910,8212.3,3179.7,38.7,12369.2,3.890,by_value
S63,2026-09-11,10.240,3499.0,1113.6,31.8,11375.2,10.215,by_value
S68,2026-09-11,24.300,3013.2,1388.4,46.1,33720.8,24.288,by_value
T82U,2026-09-11,1.400,9884.5,3942.7,39.9,5521.6,1.400,by_value
U11,2026-09-11,41.260,1936.5,522.0,27.0,21500.7,41.189,by_value
Y92,2026-09-11,0.440,19071.8,13994.1,73.4,6191.1,0.442,by_value
Z74,2026-09-11,4.500,16984.2,2368.7,13.9,10653.3,4.498,by_value
8YZ,2026-09-11,0.570,3419.1,1934.2,56.6,1111.8,0.575,by_volume
9CI,2026-09-11,2.600,4990.1,2566.3,51.4,6655.5,2.593,by_volume
AW9U,2026-09-11,0.200,2709.3,1359.4,50.2,278.5,0.205,by_volume
BN4,2026-09-11,11.430,3066.4,2269.4,74.0,25880.2,11.404,by_volume
C07,2026-09-11,27.380,131.0,76.9,58.7,2107.1,27.405,by_volume
C09,2026-09-11,8.160,1181.0,792.5,67.1,6458.1,8.149,by_volume
C38U,2026-09-11,2.280,21716.5,11535.6,53.1,26319.2,2.282,by_volume
CJLU,2026-09-11,0.965,8561.2,5288.4,61.8,5109.3,0.966,by_volume
E3B,2026-09-11,0.640,364.2,213.5,58.6,136.8,0.641,by_volume
E5H,2026-09-11,0.325,3449.4,1952.3,56.6,643.1,0.329,by_volume
F17,2026-09-11,2.240,133.9,74.8,55.9,167.5,2.239,by_volume
J69U,2026-09-11,2.090,9291.6,4637.4,49.9,9694.4,2.090,by_volume
K71U,2026-09-11,0.850,15295.7,8350.0,54.6,7048.2,0.844,by_volume
M44U,2026-09-11,1.120,15900.4,8162.0,51.3,9138.6,1.120,by_volume
ME8U,2026-09-11,1.910,3508.4,2124.1,60.5,4053.1,1.908,by_volume
P40U,2026-09-11,0.525,1403.8,754.6,53.8,395.6,0.524,by_volume
S59,2026-09-11,3.110,429.7,227.1,52.9,706.3,3.110,by_volume
UIBU,2026-09-11,0.795,2010.9,1095.0,54.5,876.0,0.800,by_volume
V03,2026-09-11,16.670,280.4,147.1,52.5,2444.7,16.619,by_volume
Y92,2026-09-11,0.440,19071.8,13994.1,73.4,6191.1,0.442,by_volume
9CI,2026-09-14,2.650,13262.3,4794.6,36.2,12579.2,2.624,by_value
A17U,2026-09-14,2.320,14514.9,7365.8,50.7,17141.5,2.327,by_value
AJBU,2026-09-14,2.140,13496.6,3970.8,29.4,8492.5,2.139,by_value
BN4,2026-09-14,11.330,2623.9,2011.9,76.7,22810.6,11.338,by_value
BS6,2026-09-14,5.110,17319.8,2590.9,15.0,13192.9,5.092,by_value
C09,2026-09-14,8.150,1384.1,736.6,53.2,5976.7,8.114,by_value
C38U,2026-09-14,2.290,31770.0,17397.8,54.8,39789.5,2.287,by_value
C6L,2026-09-14,6.630,4591.7,1138.8,24.8,7552.9,6.632,by_value
D05,2026-09-14,77.660,2787.1,319.7,11.5,24766.1,77.467,by_value
J69U,2026-09-14,2.090,14223.1,6444.0,45.3,13456.1,2.088,by_value
M44U,2026-09-14,1.110,21429.4,12833.5,59.9,14323.9,1.116,by_value
N2IU,2026-09-14,1.200,16399.9,5626.2,34.3,6749.2,1.200,by_value
O39,2026-09-14,31.850,5123.5,402.6,7.9,12817.1,31.836,by_value
S58,2026-09-14,3.870,6114.5,2516.8,41.2,9765.2,3.880,by_value
S63,2026-09-14,10.220,2719.7,716.3,26.3,7337.2,10.244,by_value
S68,2026-09-14,22.910,7500.8,3374.6,45.0,78051.9,23.129,by_value
U11,2026-09-14,42.330,4836.4,646.7,13.4,27265.9,42.162,by_value
U14,2026-09-14,8.540,3223.7,746.3,23.2,6370.4,8.536,by_value
Y92,2026-09-14,0.450,44093.9,27500.4,62.4,12351.7,0.449,by_value
Z74,2026-09-14,4.460,24400.8,1781.9,7.3,7923.9,4.447,by_value
5HV,2026-09-14,0.083,1769.7,850.7,48.1,71.4,0.084,by_volume
8YZ,2026-09-14,0.565,3585.6,2440.7,68.1,1386.6,0.568,by_volume
A17U,2026-09-14,2.320,14514.9,7365.8,50.7,17141.5,2.327,by_volume
BN4,2026-09-14,11.330,2623.9,2011.9,76.7,22810.6,11.338,by_volume
C09,2026-09-14,8.150,1384.1,736.6,53.2,5976.7,8.114,by_volume
C38U,2026-09-14,2.290,31770.0,17397.8,54.8,39789.5,2.287,by_volume
C52,2026-09-14,1.280,6648.8,4550.2,68.4,5778.8,1.270,by_volume
CJLU,2026-09-14,0.960,5357.0,3467.1,64.7,3340.2,0.963,by_volume
DCRU,2026-09-14,USD 0.485,400.8,292.1,72.9,178.6,0.482,by_volume
G13,2026-09-14,0.615,11338.6,5714.5,50.4,3515.5,0.615,by_volume
JYEU,2026-09-14,0.545,16600.6,8367.0,50.4,4558.7,0.545,by_volume
K71U,2026-09-14,0.845,12900.2,6714.1,52.0,5669.5,0.844,by_volume
M44U,2026-09-14,1.110,21429.4,12833.5,59.9,14323.9,1.116,by_volume
OU8,2026-09-14,1.510,528.1,368.4,69.8,560.1,1.520,by_volume
S08,2026-09-14,0.320,1477.8,739.2,50.0,237.2,0.321,by_volume
S59,2026-09-14,3.100,407.7,251.7,61.7,781.0,3.103,by_volume
SEB,2026-09-14,2.220,52.5,27.8,53.0,61.4,2.210,by_volume
TS0U,2026-09-14,0.355,819.8,417.4,50.9,146.8,0.352,by_volume
UIBU,2026-09-14,0.795,1826.2,872.3,47.8,698.0,0.800,by_volume
Y92,2026-09-14,0.450,44093.9,27500.4,62.4,12351.7,0.449,by_volume
9CI,2026-09-15,2.650,8828.2,3789.0,42.9,10038.5,2.649,by_value
A17U,2026-09-15,2.320,16473.9,8496.6,51.6,19709.0,2.320,by_value
AIY,2026-09-15,8.920,2371.9,632.7,26.7,5685.1,8.985,by_value
AJBU,2026-09-15,2.120,17459.7,6043.8,34.6,12803.9,2.119,by_value
BN4,2026-09-15,11.200,3346.0,2413.4,72.1,27148.1,11.249,by_value
BS6,2026-09-15,5.090,11931.6,2839.4,23.8,14541.7,5.121,by_value
C38U,2026-09-15,2.270,16562.2,6359.2,38.4,14492.1,2.279,by_value
CJLU,2026-09-15,0.960,9854.5,5775.4,58.6,5544.2,0.960,by_value
D05,2026-09-15,76.750,3632.9,584.6,16.1,45027.8,77.023,by_value
E5H,2026-09-15,0.330,54434.1,22035.9,40.5,7277.8,0.330,by_value
H78,2026-09-15,USD 8.280,1602.9,802.4,50.1,8443.2,8.274,by_value
J36,2026-09-15,USD 56.920,481.6,119.4,24.8,8652.7,56.985,by_value
J69U,2026-09-15,2.090,7753.3,4799.4,61.9,10035.5,2.091,by_value
JYEU,2026-09-15,0.545,30681.0,12781.1,41.7,6965.1,0.545,by_value
O39,2026-09-15,31.000,8030.1,1383.8,17.2,43124.5,31.164,by_value
S58,2026-09-15,3.860,5156.8,1687.5,32.7,6521.3,3.865,by_value
S63,2026-09-15,10.130,3915.6,1087.5,27.8,11050.5,10.161,by_value
S68,2026-09-15,22.530,4708.3,2035.1,43.2,45971.6,22.589,by_value
U11,2026-09-15,41.330,3155.5,802.1,25.4,33263.6,41.471,by_value
Z74,2026-09-15,4.450,19816.0,1452.7,7.3,6456.9,4.445,by_value
8YZ,2026-09-15,0.565,3536.6,2209.2,62.5,1253.0,0.567,by_volume
9A4U,2026-09-15,2.160,1671.8,837.1,50.1,1816.0,2.169,by_volume
A04,2026-09-15,0.290,291.9,181.4,62.1,53.0,0.292,by_volume
A17U,2026-09-15,2.320,16473.9,8496.6,51.6,19709.0,2.320,by_volume
BN4,2026-09-15,11.200,3346.0,2413.4,72.1,27148.1,11.249,by_volume
BUOU,2026-09-15,0.895,6426.8,2897.4,45.1,2594.2,0.895,by_volume
C09,2026-09-15,8.050,1051.8,595.8,56.6,4817.3,8.085,by_volume
C52,2026-09-15,1.260,5988.4,2798.1,46.7,3534.2,1.263,by_volume
CJLU,2026-09-15,0.960,9854.5,5775.4,58.6,5544.2,0.960,by_volume
G13,2026-09-15,0.615,11643.9,5359.1,46.0,3287.6,0.613,by_volume
H02,2026-09-15,13.360,233.6,110.4,47.3,1482.1,13.425,by_volume
H78,2026-09-15,USD 8.280,1602.9,802.4,50.1,8443.2,8.274,by_volume
J69U,2026-09-15,2.090,7753.3,4799.4,61.9,10035.5,2.091,by_volume
K71U,2026-09-15,0.845,8294.7,4150.8,50.0,3503.5,0.844,by_volume
M44U,2026-09-15,1.110,6033.0,3459.6,57.3,3847.5,1.112,by_volume
NS8U,2026-09-15,USD 0.205,5082.5,2668.2,52.5,695.5,0.205,by_volume
OU8,2026-09-15,1.500,482.1,278.7,57.8,419.6,1.506,by_volume
P40U,2026-09-15,0.525,2117.7,1093.5,51.6,568.8,0.520,by_volume
Y92,2026-09-15,0.445,18317.1,10509.0,57.4,4675.4,0.445,by_volume
YF8,2026-09-15,0.199,13420.6,7826.1,58.3,1562.8,0.200,by_volume
9CI,2026-09-16,2.640,8670.9,2938.1,33.9,7754.7,2.639,by_value
A17U,2026-09-16,2.330,24128.7,13512.4,56.0,31499.9,2.331,by_value
AJBU,2026-09-16,2.110,13123.3,6039.7,46.0,12770.9,2.114,by_value
BN4,2026-09-16,11.100,4081.6,3001.4,73.5,33386.7,11.124,by_value
BS6,2026-09-16,5.050,11656.0,2061.8,17.7,10437.1,5.062,by_value
C09,2026-09-16,8.030,1850.5,1092.9,59.1,8792.7,8.045,by_value
C38U,2026-09-16,2.260,30379.8,22054.4,72.6,50009.0,2.268,by_value
C52,2026-09-16,1.270,13725.6,7708.8,56.2,9718.8,1.261,by_value
C6L,2026-09-16,6.480,10758.5,3566.3,33.1,23233.2,6.515,by_value
D05,2026-09-16,76.800,2832.2,715.4,25.3,55024.1,76.910,by_value
H78,2026-09-16,USD 8.370,2014.0,1329.0,66.0,14125.1,8.358,by_value
J36,2026-09-16,USD 57.170,640.3,200.6,31.3,14562.1,57.096,by_value
J69U,2026-09-16,2.090,6997.9,4528.3,64.7,9488.2,2.095,by_value
M44U,2026-09-16,1.110,12208.4,7538.0,61.7,8370.6,1.110,by_value
O39,2026-09-16,31.180,5708.3,2279.2,39.9,71172.9,31.227,by_value
S58,2026-09-16,3.840,7068.4,3063.7,43.3,11735.7,3.831,by_value
S68,2026-09-16,22.380,4246.3,1525.6,35.9,34187.5,22.409,by_value
U11,2026-09-16,41.210,2652.0,531.3,20.0,21980.4,41.371,by_value
U96,2026-09-16,5.950,4101.9,1098.2,26.8,6536.9,5.952,by_value
Z74,2026-09-16,4.420,14805.5,2163.5,14.6,9564.5,4.421,by_value
8YZ,2026-09-16,0.565,2131.4,1056.0,49.5,596.1,0.564,by_volume
9A4U,2026-09-16,2.160,1046.1,512.0,48.9,1103.2,2.155,by_volume
A17U,2026-09-16,2.330,24128.7,13512.4,56.0,31499.9,2.331,by_volume
A7RU,2026-09-16,0.515,17554.1,8223.2,46.8,4240.3,0.516,by_volume
AIY,2026-09-16,8.810,853.0,599.8,70.3,5309.3,8.852,by_volume
BN4,2026-09-16,11.100,4081.6,3001.4,73.5,33386.7,11.124,by_volume
BUOU,2026-09-16,0.895,8980.2,4319.9,48.1,3868.4,0.895,by_volume
C09,2026-09-16,8.030,1850.5,1092.9,59.1,8792.7,8.045,by_volume
C38U,2026-09-16,2.260,30379.8,22054.4,72.6,50009.0,2.268,by_volume
C52,2026-09-16,1.270,13725.6,7708.8,56.2,9718.8,1.261,by_volume
G13,2026-09-16,0.615,9420.6,6705.1,71.2,4099.9,0.611,by_volume
H02,2026-09-16,13.350,203.1,94.9,46.7,1269.0,13.372,by_volume
H78,2026-09-16,USD 8.370,2014.0,1329.0,66.0,14125.1,8.358,by_volume
J69U,2026-09-16,2.090,6997.9,4528.3,64.7,9488.2,2.095,by_volume
K71U,2026-09-16,0.840,10565.1,4973.9,47.1,4191.5,0.843,by_volume
M44U,2026-09-16,1.110,12208.4,7538.0,61.7,8370.6,1.110,by_volume
ME8U,2026-09-16,1.900,3418.9,2079.6,60.8,3946.5,1.898,by_volume
TS0U,2026-09-16,0.350,823.8,441.3,53.6,154.3,0.350,by_volume
Y92,2026-09-16,0.440,14467.0,7749.8,53.6,3433.9,0.443,by_volume
Z25,2026-09-16,0.505,1605.4,812.4,50.6,411.3,0.506,by_volume
5E2,2026-09-17,2.130,20689.1,6425.0,31.1,13669.7,2.128,by_value
A17U,2026-09-17,2.330,15739.3,9698.8,61.6,22624.1,2.333,by_value
AJBU,2026-09-17,2.120,10110.1,3802.5,37.6,8087.1,2.127,by_value
BN4,2026-09-17,11.120,2276.9,1397.2,61.4,15574.1,11.147,by_value
BS6,2026-09-17,5.140,11188.9,1955.3,17.5,10071.1,5.151,by_value
C09,2026-09-17,8.140,1478.4,904.2,61.2,7352.9,8.132,by_value
C38U,2026-09-17,2.280,36446.0,23328.3,64.0,52965.0,2.270,by_value
C6L,2026-09-17,6.510,4069.6,1094.7,26.9,7114.7,6.499,by_value
D05,2026-09-17,76.940,2673.6,452.7,16.9,34845.0,76.972,by_value
E5H,2026-09-17,0.340,64826.1,22528.4,34.8,7679.5,0.341,by_value
EB5,2026-09-17,5.120,3792.4,1304.0,34.4,6609.1,5.068,by_value
G13,2026-09-17,0.620,26438.9,17053.8,64.5,10491.4,0.615,by_value
H78,2026-09-17,USD 8.420,2391.3,879.6,36.8,9341.5,8.351,by_value
JYEU,2026-09-17,0.550,20387.3,10963.1,53.8,6026.0,0.550,by_value
O39,2026-09-17,31.280,4307.8,1559.2,36.2,48692.3,31.229,by_value
S63,2026-09-17,10.190,2863.0,588.6,20.6,6005.7,10.203,by_value
S68,2026-09-17,22.270,3541.9,1143.5,32.3,25522.7,22.320,by_value
U11,2026-09-17,41.880,2825.7,398.0,14.1,16607.9,41.728,by_value
U14,2026-09-17,8.630,3043.8,786.3,25.8,6736.3,8.567,by_value
Z74,2026-09-17,4.420,20548.9,1513.9,7.4,6689.7,4.419,by_value
8YZ,2026-09-17,0.565,2014.5,975.5,48.4,550.9,0.565,by_volume
9CI,2026-09-17,2.640,3256.9,1371.5,42.1,3620.0,2.639,by_volume
A17U,2026-09-17,2.330,15739.3,9698.8,61.6,22624.1,2.333,by_volume
AIY,2026-09-17,8.840,637.7,421.4,66.1,3706.3,8.795,by_volume
AJBU,2026-09-17,2.120,10110.1,3802.5,37.6,8087.1,2.127,by_volume
AU8U,2026-09-17,0.635,644.2,343.6,53.3,216.7,0.631,by_volume
BN4,2026-09-17,11.120,2276.9,1397.2,61.4,15574.1,11.147,by_volume
C09,2026-09-17,8.140,1478.4,904.2,61.2,7352.9,8.132,by_volume
C38U,2026-09-17,2.280,36446.0,23328.3,64.0,52965.0,2.270,by_volume
CJLU,2026-09-17,0.955,9206.5,3509.2,38.1,3361.8,0.958,by_volume
G13,2026-09-17,0.620,26438.9,17053.8,64.5,10491.4,0.615,by_volume
J69U,2026-09-17,2.100,6460.9,2684.5,41.5,5629.1,2.097,by_volume
JYEU,2026-09-17,0.550,20387.3,10963.1,53.8,6026.0,0.550,by_volume
ME8U,2026-09-17,1.910,4445.0,2689.8,60.5,5116.0,1.902,by_volume
S08,2026-09-17,0.305,14179.2,8204.4,57.9,2490.3,0.304,by_volume
T82U,2026-09-17,1.370,5648.0,2891.9,51.2,3980.9,1.377,by_volume
TS0U,2026-09-17,0.350,742.6,418.7,56.4,146.4,0.350,by_volume
Y92,2026-09-17,0.440,16875.6,7919.5,46.9,3485.4,0.440,by_volume
YF8,2026-09-17,0.205,6427.0,3766.1,58.6,757.2,0.201,by_volume
Z25,2026-09-17,0.500,1251.2,560.9,44.8,281.3,0.501,by_volume
9CI,2026-09-18,2.600,11879.0,3877.7,32.6,10134.9,2.614,by_value
A17U,2026-09-18,2.340,37601.2,17967.3,47.8,41853.6,2.329,by_value
AJBU,2026-09-18,2.150,22549.4,10963.7,48.6,23483.3,2.142,by_value
BN4,2026-09-18,11.030,5978.0,1544.4,25.8,17096.4,11.070,by_value
C09,2026-09-18,8.050,5405.3,1785.1,33.0,14553.1,8.153,by_value
C38U,2026-09-18,2.290,41712.7,16749.3,40.2,38198.1,2.281,by_value
D05,2026-09-18,76.860,4636.7,616.3,13.3,47292.5,76.739,by_value
E28,2026-09-18,2.570,17625.6,4311.3,24.5,11064.0,2.566,by_value
E5H,2026-09-18,0.335,95289.8,33351.5,35.0,11256.7,0.338,by_value
F34,2026-09-18,3.680,10076.5,3704.9,36.8,13617.4,3.676,by_value
H78,2026-09-18,USD 8.640,7052.9,2832.3,40.2,30936.6,8.589,by_value
M44U,2026-09-18,1.100,37462.6,25036.8,66.8,27531.8,1.100,by_value
N2IU,2026-09-18,1.210,19725.8,8607.3,43.6,10367.0,1.204,by_value
O39,2026-09-18,31.380,14543.3,1469.6,10.1,45948.2,31.265,by_value
S63,2026-09-18,10.430,12011.5,1636.3,13.6,17184.1,10.502,by_value
S68,2026-09-18,22.200,4148.3,880.4,21.2,19499.2,22.148,by_value
T82U,2026-09-18,1.380,18498.6,7267.5,39.3,9929.1,1.366,by_value
U11,2026-09-18,41.780,3563.0,614.5,17.2,25673.5,41.780,by_value
Y92,2026-09-18,0.440,38768.7,23866.2,61.6,10382.3,0.435,by_value
Z74,2026-09-18,4.350,44301.2,4885.0,11.0,21259.9,4.352,by_value
9A4U,2026-09-18,2.180,1520.5,644.9,42.4,1402.1,2.174,by_volume
A17U,2026-09-18,2.340,37601.2,17967.3,47.8,41853.6,2.329,by_volume
AIY,2026-09-18,8.760,745.5,331.1,44.4,2911.3,8.793,by_volume
AJBU,2026-09-18,2.150,22549.4,10963.7,48.6,23483.3,2.142,by_volume
AW9U,2026-09-18,0.200,1983.4,1015.9,51.2,203.2,0.200,by_volume
BUOU,2026-09-18,0.895,19686.8,7825.0,39.7,6974.4,0.891,by_volume
C38U,2026-09-18,2.290,41712.7,16749.3,40.2,38198.1,2.281,by_volume
CMOU,2026-09-18,USD 0.165,2360.3,1103.8,46.8,232.5,0.166,by_volume
G13,2026-09-18,0.615,23803.1,13522.0,56.8,8281.5,0.612,by_volume
H78,2026-09-18,USD 8.640,7052.9,2832.3,40.2,30936.6,8.589,by_volume
J69U,2026-09-18,2.100,7894.8,4261.7,54.0,8918.7,2.093,by_volume
JYEU,2026-09-18,0.545,34638.2,15945.3,46.0,8758.4,0.549,by_volume
M44U,2026-09-18,1.100,37462.6,25036.8,66.8,27531.8,1.100,by_volume
ME8U,2026-09-18,1.910,8976.1,3449.0,38.4,6561.5,1.902,by_volume
N2IU,2026-09-18,1.210,19725.8,8607.3,43.6,10367.0,1.204,by_volume
P34,2026-09-18,0.720,756.4,302.4,40.0,217.9,0.720,by_volume
S08,2026-09-18,0.310,8294.6,3150.8,38.0,974.8,0.309,by_volume
T82U,2026-09-18,1.380,18498.6,7267.5,39.3,9929.1,1.366,by_volume
Y92,2026-09-18,0.440,38768.7,23866.2,61.6,10382.3,0.435,by_volume
YF8,2026-09-18,0.205,14384.0,5683.6,39.5,1140.2,0.201,by_volume
5E2,2026-09-21,2.050,24217.4,12129.8,50.1,25281.6,2.084,by_value
9CI,2026-09-21,2.610,7352.1,2325.2,31.6,6069.6,2.610,by_value
A17U,2026-09-21,2.310,19553.0,11172.8,57.1,25860.5,2.315,by_value
AJBU,2026-09-21,2.130,8270.7,3317.2,40.1,7049.8,2.125,by_value
BN4,2026-09-21,11.070,2008.5,1262.9,62.9,13987.1,11.075,by_value
BS6,2026-09-21,5.220,24755.2,1719.9,6.9,8981.6,5.222,by_value
BUOU,2026-09-21,0.885,15954.5,7042.5,44.1,6238.6,0.886,by_value
C38U,2026-09-21,2.260,22692.1,12951.6,57.1,29381.2,2.269,by_value
C6L,2026-09-21,6.530,3831.9,1146.5,29.9,7499.2,6.541,by_value
D05,2026-09-21,77.360,2870.9,337.2,11.7,26032.7,77.203,by_value
E5H,2026-09-21,0.330,120486.6,50108.4,41.6,17032.3,0.340,by_value
H78,2026-09-21,USD 8.660,1537.8,661.5,43.0,7248.4,8.616,by_value
JYEU,2026-09-21,0.550,19923.1,9706.8,48.7,5336.9,0.550,by_value
M44U,2026-09-21,1.100,17481.5,7662.3,43.8,8434.7,1.101,by_value
O39,2026-09-21,31.670,4613.8,846.4,18.3,26713.8,31.562,by_value
S63,2026-09-21,10.390,4171.3,1009.8,24.2,10467.3,10.366,by_value
S68,2026-09-21,22.320,2032.2,371.0,18.3,8270.3,22.292,by_value
U11,2026-09-21,42.100,2883.8,326.3,11.3,13762.6,42.178,by_value
Y92,2026-09-21,0.430,23981.5,15371.1,64.1,6680.2,0.435,by_value
Z74,2026-09-21,4.330,14655.2,2783.1,19.0,12040.1,4.326,by_value
1D0,2026-09-21,0.400,331.3,148.1,44.7,59.2,0.400,by_volume
5E2,2026-09-21,2.050,24217.4,12129.8,50.1,25281.6,2.084,by_volume
A17U,2026-09-21,2.310,19553.0,11172.8,57.1,25860.5,2.315,by_volume
BN4,2026-09-21,11.070,2008.5,1262.9,62.9,13987.1,11.075,by_volume
BUOU,2026-09-21,0.885,15954.5,7042.5,44.1,6238.6,0.886,by_volume
C09,2026-09-21,8.090,1134.1,631.8,55.7,5119.5,8.103,by_volume
C38U,2026-09-21,2.260,22692.1,12951.6,57.1,29381.2,2.269,by_volume
CJLU,2026-09-21,0.955,6652.2,3495.6,52.5,3338.6,0.955,by_volume
DCRU,2026-09-21,USD 0.480,1374.4,774.4,56.3,472.6,0.480,by_volume
H78,2026-09-21,USD 8.660,1537.8,661.5,43.0,7248.4,8.616,by_volume
J69U,2026-09-21,2.090,3968.3,2104.2,53.0,4399.2,2.091,by_volume
JYEU,2026-09-21,0.550,19923.1,9706.8,48.7,5336.9,0.550,by_volume
M44U,2026-09-21,1.100,17481.5,7662.3,43.8,8434.7,1.101,by_volume
NIO,2026-09-21,USD 3.630,102.8,44.7,43.5,206.7,3.634,by_volume
P40U,2026-09-21,0.510,1456.1,763.7,52.4,390.5,0.511,by_volume
S08,2026-09-21,0.305,1543.0,1357.8,88.0,416.9,0.307,by_volume
S59,2026-09-21,3.100,302.3,138.5,45.8,430.4,3.108,by_volume
T82U,2026-09-21,1.350,8763.1,3728.6,42.5,5073.3,1.361,by_volume
Y92,2026-09-21,0.430,23981.5,15371.1,64.1,6680.2,0.435,by_volume
Z25,2026-09-21,0.535,2492.6,1059.2,42.5,556.0,0.525,by_volume
558,2026-09-22,2.690,11713.7,2339.1,20.0,6369.1,2.723,by_value
5E2,2026-09-22,2.150,29648.8,5243.2,17.7,11117.8,2.120,by_value
A17U,2026-09-22,2.310,21087.1,12877.0,61.1,29725.7,2.308,by_value
AJBU,2026-09-22,2.140,11456.6,3781.5,33.0,8093.4,2.140,by_value
BN4,2026-09-22,11.100,2838.0,1714.9,60.4,19052.8,11.110,by_value
BS6,2026-09-22,5.260,9899.5,1911.1,19.3,10014.1,5.240,by_value
C38U,2026-09-22,2.240,50751.6,23433.5,46.2,52455.9,2.238,by_value
C6L,2026-09-22,6.570,3455.8,1240.3,35.9,8139.2,6.562,by_value
D05,2026-09-22,77.800,4406.5,731.2,16.6,56917.5,77.841,by_value
E5H,2026-09-22,0.330,60569.0,27313.4,45.1,8953.7,0.328,by_value
G13,2026-09-22,0.620,29046.6,18844.4,64.9,11652.1,0.618,by_value
H78,2026-09-22,USD 8.600,3130.0,1276.1,40.8,14083.8,8.679,by_value
J69U,2026-09-22,2.100,5664.6,2979.1,52.6,6242.3,2.095,by_value
M44U,2026-09-22,1.100,18169.6,6144.3,33.8,6796.7,1.106,by_value
O39,2026-09-22,32.140,7183.0,2294.8,31.9,73451.4,32.008,by_value
S63,2026-09-22,10.690,8849.2,1966.4,22.2,20892.1,10.625,by_value
S68,2026-09-22,22.960,3616.1,647.8,17.9,14771.1,22.802,by_value
U11,2026-09-22,42.800,6231.8,765.5,12.3,32714.6,42.736,by_value
U96,2026-09-22,5.930,5943.4,2160.0,36.3,12736.8,5.897,by_value
Z74,2026-09-22,4.320,18557.2,1708.1,9.2,7384.5,4.323,by_value
8C8U,2026-09-22,1.080,1932.2,893.3,46.2,964.6,1.080,by_volume
9A4U,2026-09-22,2.160,676.8,363.1,53.6,786.5,2.166,by_volume
A17U,2026-09-22,2.310,21087.1,12877.0,61.1,29725.7,2.308,by_volume
BN4,2026-09-22,11.100,2838.0,1714.9,60.4,19052.8,11.110,by_volume
BUOU,2026-09-22,0.885,7155.1,3606.8,50.4,3193.3,0.885,by_volume
BVA,2026-09-22,0.240,1442.1,686.8,47.6,164.8,0.240,by_volume
C09,2026-09-22,8.120,1167.2,650.9,55.8,5293.2,8.132,by_volume
C38U,2026-09-22,2.240,50751.6,23433.5,46.2,52455.9,2.238,by_volume
C52,2026-09-22,1.260,5328.5,2636.1,49.5,3312.3,1.257,by_volume
G13,2026-09-22,0.620,29046.6,18844.4,64.9,11652.1,0.618,by_volume
H02,2026-09-22,13.420,135.6,69.5,51.3,932.8,13.421,by_volume
HMN,2026-09-22,0.830,2024.6,1234.8,61.0,1021.0,0.827,by_volume
J69U,2026-09-22,2.100,5664.6,2979.1,52.6,6242.3,2.095,by_volume
K71U,2026-09-22,0.850,12780.5,6039.7,47.3,5133.7,0.850,by_volume
ME8U,2026-09-22,1.910,3834.0,2266.5,59.1,4325.2,1.908,by_volume
N2IU,2026-09-22,1.200,5533.8,2751.2,49.7,3302.7,1.200,by_volume
S08,2026-09-22,0.315,3104.8,1700.1,54.8,528.3,0.311,by_volume
T82U,2026-09-22,1.350,9175.0,4467.0,48.7,6020.3,1.348,by_volume
Y92,2026-09-22,0.430,12691.4,8770.9,69.1,3811.7,0.435,by_volume
Z25,2026-09-22,0.515,1290.1,930.5,72.1,484.2,0.520,by_volume
